photo_id,fiche_urls,addresses,photo_date_taken,photo_represented_detail,photo_view_scope,photo_page_title,source_url,image_url,preview,preview_sha256,licence,credit,identity_verdict,facade_label,facade_observation,reviewer,reviewed_at
A008936,https://monument.heritage.brussels/fr/Bruxelles_Pentagone/Rue_Sainte-Catherine/8/33033,Rue Sainte-Catherine 8,1917,Vue d'ensemble des façades principales à front de rue,facade,"maison / Maison, Bruxelles, rue Sainte-Catherine 8",https://balat.kikirpa.be/en/photo/A008936/,"https://iiif.kikirpa.be/iiif/2/A008936/full/!800,800/0/default.jpg",data/historical/balat/balat-a008936.jpg,d36a0ce7174fea70b1e2c3b93918e5dd5e602a79dc8c221025166fc433ea7587,CC BY 4.0,"KIK-IRPA, Brussels (Belgium), cliché A008936",,,,,
A029710,https://monument.heritage.brussels/fr/Bruxelles_Pentagone/Place_Sainte-Catherine/23/33023,Place Sainte-Catherine 23,1942,façade principale,facade,"maison / Maison, Bruxelles, place Sainte-Catherine 23",https://balat.kikirpa.be/en/photo/A029710/,"https://iiif.kikirpa.be/iiif/2/A029710/full/!800,800/0/default.jpg",data/historical/balat/balat-a029710.jpg,9890e995bda89197802da4ecf5957b454d9e8a4d33f312fbd98c4dae7847fe26,CC BY 4.0,"KIK-IRPA, Brussels (Belgium), cliché A029710",,,,,
A029719,https://monument.heritage.brussels/fr/Bruxelles_Pentagone/Rue_du_Marche_aux_Herbes/55/31399,Rue du Marché aux Herbes 55,1942,partie sup. de la façade principale rue du Marché aux Herbes et de la façade latérale rue Chair et Pain,partial-facade,"maison / Maison, Bruxelles, rue du Marché aux Herbes 55",https://balat.kikirpa.be/en/photo/A029719/,"https://iiif.kikirpa.be/iiif/2/A029719/full/!800,800/0/default.jpg",data/historical/balat/balat-a029719.jpg,d14b48f31cf9c436486d87cbcf526b3279691e00044f64621cf05439b7bea581,CC BY 4.0,"KIK-IRPA, Brussels (Belgium), cliché A029719",,,,,
A029722,https://monument.heritage.brussels/fr/Bruxelles_Pentagone/Rue_de_Villers/6/31853,Rue de Villers 6,1942,Façades avant,facade,"maison / Maison, Bruxelles, rue de Villers 6",https://balat.kikirpa.be/en/photo/A029722/,"https://iiif.kikirpa.be/iiif/2/A029722/full/!800,800/0/default.jpg",data/historical/balat/balat-a029722.jpg,5de622e91ffd2f1db3dde95cb6c0ad0a4bf1d06264270c31da532a5b71ad9ddd,CC BY 4.0,"KIK-IRPA, Brussels (Belgium), cliché A029722",,,,,
A029723,https://monument.heritage.brussels/fr/Bruxelles_Pentagone/Rue_du_Chene/8/30958,Rue du Chêne 8,1942,,not-stated,"hôtel de maître / Hôtel de Visscher de Celles, Bruxelles, rue du Chêne 8",https://balat.kikirpa.be/en/photo/A029723/,"https://iiif.kikirpa.be/iiif/2/A029723/full/!800,800/0/default.jpg",data/historical/balat/balat-a029723.jpg,fb23c2fa68485c3376e9e1cca5a78e194c0171730edfeb87586be4d06cb50f7c,CC BY 4.0,"KIK-IRPA, Brussels (Belgium), cliché A029723",,,,,
A029746,https://monument.heritage.brussels/fr/Bruxelles_Pentagone/Place_de_la_Vieille_Halle_aux_Bles/36/31843,Place de la Vieille Halle aux Blés 36,1942,façade principale: pignon,facade,"maison / Maison, Bruxelles, Place de la Vieille Halle aux Blés 36",https://balat.kikirpa.be/en/photo/A029746/,"https://iiif.kikirpa.be/iiif/2/A029746/full/!800,800/0/default.jpg",data/historical/balat/balat-a029746.jpg,ee25820d90fa8212c4a4c457dad26d8f0189ec17f2b3e0d03a7e1c4617ae65a3,CC BY 4.0,"KIK-IRPA, Brussels (Belgium), cliché A029746",,,,,
A029754,https://monument.heritage.brussels/fr/Bruxelles_Pentagone/Rue_de_la_Madeleine/61/31316,Rue de la Madeleine 61,1942,façades principales à front de rue,facade,"maison / Maison Venise, Bruxelles, rue de la Madeleine 61",https://balat.kikirpa.be/en/photo/A029754/,"https://iiif.kikirpa.be/iiif/2/A029754/full/!800,800/0/default.jpg",data/historical/balat/balat-a029754.jpg,f6ab997f6054cbfb092be09fd04714c10cefb196cc99f91de218134ca8690cf5,CC BY 4.0,"KIK-IRPA, Brussels (Belgium), cliché A029754",,,,,
A029757,https://monument.heritage.brussels/fr/Bruxelles_Pentagone/Place_du_Nouveau_Marche_aux_Grains/8/37935,Place du Nouveau Marché aux Grains 8,1942,Vue du bâtiment à l'angle avec la rue A. Dansaert,other,"commissariat de police / Maison, Bruxelles, place du Nouveau-Marché-aux-Grains 8 - rue Antoine Dansaert 92",https://balat.kikirpa.be/en/photo/A029757/,"https://iiif.kikirpa.be/iiif/2/A029757/full/!800,800/0/default.jpg",data/historical/balat/balat-a029757.jpg,19ed48defa584f3788ebc37b2391e9d8a97cee4963ee24abb6596034626d2bd9,CC BY 4.0,"KIK-IRPA, Brussels (Belgium), cliché A029757",,,,,
A029766,https://monument.heritage.brussels/fr/Bruxelles_Pentagone/Rue_de_la_Montagne/16/33693,Rue de la Montagne 16,1942,façade principale à front de rue,facade,"maison / Maison, Bruxelles, rue de la Montagne 16",https://balat.kikirpa.be/en/photo/A029766/,"https://iiif.kikirpa.be/iiif/2/A029766/full/!800,800/0/default.jpg",data/historical/balat/balat-a029766.jpg,ce0530b948a5f531f033d7c9bd6b8fde8b10d01cd2e29a23508bee6c304a492a,CC BY 4.0,"KIK-IRPA, Brussels (Belgium), cliché A029766",,,,,
A029771,https://monument.heritage.brussels/fr/Bruxelles_Pentagone/Rue_de_la_Montagne/68/33702,Rue de la Montagne 68,1942,façades principales à front de rue,facade,"maison / Maison, Bruxelles, rue de la Montagne 68",https://balat.kikirpa.be/en/photo/A029771/,"https://iiif.kikirpa.be/iiif/2/A029771/full/!800,800/0/default.jpg",data/historical/balat/balat-a029771.jpg,86a6ea15267bb43bc790dcc9cb613d4e55b62d9b1b5dd5fe8076ffe59178c20d,CC BY 4.0,"KIK-IRPA, Brussels (Belgium), cliché A029771",,,,,
A068359,https://monument.heritage.brussels/fr/Bruxelles_Pentagone/Rue_de_la_Chapelle/15/30937,Rue de la Chapelle 15,1944,,not-stated,"maison / Maison, Bruxelles, rue de la Chapelle 15",https://balat.kikirpa.be/en/photo/A068359/,"https://iiif.kikirpa.be/iiif/2/A068359/full/!800,800/0/default.jpg",data/historical/balat/balat-a068359.jpg,67b7138715de16292eef20a397462ae15f1cc7bbf4a6a7d578476fdba8290b3b,CC BY 4.0,"KIK-IRPA, Brussels (Belgium), cliché A068359",,,,,
A068609,https://monument.heritage.brussels/fr/Bruxelles_Pentagone/Rue_de_la_Violette/34/31871,Rue de la Violette 34,1944,Façades avant,facade,"maison / Maison, Bruxelles, rue de la Violette 34-36",https://balat.kikirpa.be/en/photo/A068609/,"https://iiif.kikirpa.be/iiif/2/A068609/full/!800,800/0/default.jpg",data/historical/balat/balat-a068609.jpg,66bb7f369e23b05e6a48c24a5e9594d9a2f5db302042e74b4084571edb7ae46e,CC BY 4.0,"KIK-IRPA, Brussels (Belgium), cliché A068609",,,,,
A075059,https://monument.heritage.brussels/fr/Bruxelles_Pentagone/Rue_du_Pont_Neuf/35/33770,Rue du Pont Neuf 35,1944,,not-stated,"maison / Maison, Bruxelles, rue du Pont-Neuf 35-37",https://balat.kikirpa.be/en/photo/A075059/,"https://iiif.kikirpa.be/iiif/2/A075059/full/!800,800/0/default.jpg",data/historical/balat/balat-a075059.jpg,c042983b48a7ba967592ef33e19414e7c967657744d2ddd8201de75be8ed0a0c,CC BY 4.0,"KIK-IRPA, Brussels (Belgium), cliché A075059",,,,,
A075097,https://monument.heritage.brussels/fr/Bruxelles_Pentagone/Rue_du_Marche_aux_Herbes/27/31385,Rue du Marché aux Herbes 27,1944,"façade, 1er étage: garde-corps de fenêtre",facade,"garde-corps / Maison Den Reus, Bruxelles, rue du Marché aux Herbes 27",https://balat.kikirpa.be/en/photo/A075097/,"https://iiif.kikirpa.be/iiif/2/A075097/full/!800,800/0/default.jpg",data/historical/balat/balat-a075097.jpg,21e64362972ea40ebba8db994ccdc953fe825443fcf263e178ce120b29e00fb8,CC BY 4.0,"KIK-IRPA, Brussels (Belgium), cliché A075097",,,,,
A075152,https://monument.heritage.brussels/fr/Bruxelles_Pentagone/Quai_a_la_Chaux/5/32276,Quai à la Chaux 5,1944,Porche,detail,"porche / Maison, Bruxelles, Quai à la Chaux 5-6",https://balat.kikirpa.be/en/photo/A075152/,"https://iiif.kikirpa.be/iiif/2/A075152/full/!800,800/0/default.jpg",data/historical/balat/balat-a075152.jpg,e9d04015055e697189e7a1255b0a84e252e4d329f66d3ca24296f3e5270a7d72,CC BY 4.0,"KIK-IRPA, Brussels (Belgium), cliché A075152",,,,,
A075204,https://monument.heritage.brussels/fr/Bruxelles_Pentagone/Rue_du_Marche_aux_Herbes/113/31426,Rue du Marché aux Herbes 113,1944,façades à front des rues du Marché aux Herbes et des Eperonniers,facade,"maison / Cheval Volant, Bruxelles, rue du Marché aux Herbes 113",https://balat.kikirpa.be/en/photo/A075204/,"https://iiif.kikirpa.be/iiif/2/A075204/full/!800,800/0/default.jpg",data/historical/balat/balat-a075204.jpg,4153d51b93047a3e1998096c15e2cdebce011a20a7cce888dcb3c21f29200f66,CC BY 4.0,"KIK-IRPA, Brussels (Belgium), cliché A075204",,,,,
A075238,https://monument.heritage.brussels/fr/Bruxelles_Pentagone/Rue_de_Laeken/26/32643,Rue de Laeken 26,1944,"façades principales à front de rue, n° 28 à l'angle de la rue du Béguinage",facade,"maison / Maison, Bruxelles, rue de Laeken 26",https://balat.kikirpa.be/en/photo/A075238/,"https://iiif.kikirpa.be/iiif/2/A075238/full/!800,800/0/default.jpg",data/historical/balat/balat-a075238.jpg,76f27173269b25cac1c0c8ca6b80e8c7c6011bd661c421c84114ae103d526b23,CC BY 4.0,"KIK-IRPA, Brussels (Belgium), cliché A075238",,,,,
A104341,https://monument.heritage.brussels/fr/Bruxelles_Pentagone/Place_du_Nouveau_Marche_aux_Grains/22/32831,Place du Nouveau Marché aux Grains 22,1910,,not-stated,"maison / Maison, Bruxelles, place du Nouveau-Marché-aux-Grains 21-22-23",https://balat.kikirpa.be/en/photo/A104341/,"https://iiif.kikirpa.be/iiif/2/A104341/full/!800,800/0/default.jpg",data/historical/balat/balat-a104341.jpg,b4da6e31fb1d31d0ac2d9d3a190534cb5ae18d6717eb337e00175c5d1555877f,CC BY 4.0,"KIK-IRPA, Brussels (Belgium), cliché A104341",,,,,
A104837,https://monument.heritage.brussels/fr/Bruxelles_Pentagone/Rue_de_la_Montagne/42/33697,Rue de la Montagne 42,1905,façade principale à front de rue: pignon,facade,"maison / Maison, Bruxelles, rue de la Montagne 42-44",https://balat.kikirpa.be/en/photo/A104837/,"https://iiif.kikirpa.be/iiif/2/A104837/full/!800,800/0/default.jpg",data/historical/balat/balat-a104837.jpg,a65ce9a599605972997b0428e78968a16b2b216f1ab4d80270b3d8be0fe4cca7,CC BY 4.0,"KIK-IRPA, Brussels (Belgium), cliché A104837",,,,,
A105109,https://monument.heritage.brussels/fr/Bruxelles_Pentagone/Rue_de_la_Madeleine/29/31311,Rue de la Madeleine 29,1910,façade principale: lucarnes et fenêtres niveau 2,facade,"maison / Maison, Bruxelles, rue de la Madeleine 29, 31",https://balat.kikirpa.be/en/photo/A105109/,"https://iiif.kikirpa.be/iiif/2/A105109/full/!800,800/0/default.jpg",data/historical/balat/balat-a105109.jpg,48819886be48be04dc52b81d104f9582411d19df59ebfd376f223299d8f2e85e,CC BY 4.0,"KIK-IRPA, Brussels (Belgium), cliché A105109",,,,,
M038100,https://monument.heritage.brussels/fr/Bruxelles_Pentagone/Rue_de_l_Ecuyer/48/33480,Rue de l'Ecuyer 48,1968,,not-stated,"immeuble de bureaux / Maison, Bruxelles, rue de l'Ecuyer 48-52",https://balat.kikirpa.be/en/photo/M038100/,"https://iiif.kikirpa.be/iiif/2/M038100/full/!800,800/0/default.jpg",data/historical/balat/balat-m038100.jpg,866207d6fe5d2a696dff8171119e0c2ae4766aae89f2d6f4f1d9d4829ba95e47,CC BY 4.0,"KIK-IRPA, Brussels (Belgium), cliché M038100",,,,,
M069738,https://monument.heritage.brussels/fr/Bruxelles_Pentagone/Rue_aux_Laines/35/30256,Rue aux Laines 35,1971,façade antérieure,facade,"maison / Maison, Bruxelles, rue aux Laines 35",https://balat.kikirpa.be/en/photo/M069738/,"https://iiif.kikirpa.be/iiif/2/M069738/full/!800,800/0/default.jpg",data/historical/balat/balat-m069738.jpg,51f1c767ec1b03eccac0e813633259fed712dcc59f8477dba418337d99bf4f4d,CC BY 4.0,"KIK-IRPA, Brussels (Belgium), cliché M069738",,,,,
M069740,https://monument.heritage.brussels/fr/Bruxelles_Pentagone/Rue_aux_Laines/142/30275,Rue aux Laines 142,1971,façade antérieure,facade,"maison / Maison, Bruxelles, rue aux Laines 142",https://balat.kikirpa.be/en/photo/M069740/,"https://iiif.kikirpa.be/iiif/2/M069740/full/!800,800/0/default.jpg",data/historical/balat/balat-m069740.jpg,e0696b592b16ba05e89ead7810fd225cf9066d390c52ffe8760f9c04085dd70c,CC BY 4.0,"KIK-IRPA, Brussels (Belgium), cliché M069740",,,,,
M070845,https://monument.heritage.brussels/fr/Bruxelles_Pentagone/Rue_du_Remblai/38/31590,Rue du Remblai 38,1971,,not-stated,"maison / Maison, Bruxelles, rue du Remblai 38",https://balat.kikirpa.be/en/photo/M070845/,"https://iiif.kikirpa.be/iiif/2/M070845/full/!800,800/0/default.jpg",data/historical/balat/balat-m070845.jpg,f4adbc93f4035538dcfc96ddb857974254a6a797b1fb0c19231d3b2fbe64d558,CC BY 4.0,"KIK-IRPA, Brussels (Belgium), cliché M070845",,,,,
M073497,https://monument.heritage.brussels/fr/Bruxelles_Pentagone/Rue_des_Foulons/54/32533,Rue des Foulons 54,1971,façade antérieure,facade,"maison / Maison, Bruxelles, rue des Foulons 54",https://balat.kikirpa.be/en/photo/M073497/,"https://iiif.kikirpa.be/iiif/2/M073497/full/!800,800/0/default.jpg",data/historical/balat/balat-m073497.jpg,8bb30d9e0e765c288d404f752f818a344fe4acb9f18f741b004c123a9aef8a60,CC BY 4.0,"KIK-IRPA, Brussels (Belgium), cliché M073497",,,,,
M073570,https://monument.heritage.brussels/fr/Bruxelles_Pentagone/Rue_de_Cureghem/4/32346,Rue de Cureghem 4,1971,,not-stated,"maison / Maison, Bruxelles, rue de Cureghem 4-10",https://balat.kikirpa.be/en/photo/M073570/,"https://iiif.kikirpa.be/iiif/2/M073570/full/!800,800/0/default.jpg",data/historical/balat/balat-m073570.jpg,b15dd4e71cf66e735bb2d81b5a536605ed466955fcbbbef64029f6010605a58d,CC BY 4.0,"KIK-IRPA, Brussels (Belgium), cliché M073570",,,,,
M146594,https://monument.heritage.brussels/fr/Saint-Gilles/Avenue_Paul_Dejaer/39/6821,Avenue Paul Dejaer 39,1980,Façade d'angle,facade,"immeuble de rapport / Maison, Saint-Gilles, avenue Paul Dejaer 39",https://balat.kikirpa.be/en/photo/M146594/,"https://iiif.kikirpa.be/iiif/2/M146594/full/!800,800/0/default.jpg",data/historical/balat/balat-m146594.jpg,ff0f4b3f4a6a7e81db6973fd8739a1fb66a1f3a8529d7840f6cb2a476f25b314,CC BY 4.0,"KIK-IRPA, Brussels (Belgium), cliché M146594",,,,,
M154776,https://monument.heritage.brussels/fr/Ixelles/Chaussee_d_Ixelles/126/19845,Chaussée d'Ixelles 126,1980,Façade à front de rue,facade,"immeuble à appartements / Maison, Ixelles, chaussée d'Ixelles, 126-130",https://balat.kikirpa.be/en/photo/M154776/,"https://iiif.kikirpa.be/iiif/2/M154776/full/!800,800/0/default.jpg",data/historical/balat/balat-m154776.jpg,9052638642d0c51c394ffeb4c3217785c55fcd23c867a8484f2c38bda301156d,CC BY 4.0,"KIK-IRPA, Brussels (Belgium), cliché M154776",,,,,
M156556,https://monument.heritage.brussels/fr/Etterbeek/Rue_Belliard/197/14025,Rue Belliard 197,1980,Façade principale,facade,"immeuble à appartements / Maison, Etterbeek, rue Belliard 197",https://balat.kikirpa.be/en/photo/M156556/,"https://iiif.kikirpa.be/iiif/2/M156556/full/!800,800/0/default.jpg",data/historical/balat/balat-m156556.jpg,6900f41df032f463c3813eeb474a6ed6d7f30566f3e0f8844b706845c08a2d25,CC BY 4.0,"KIK-IRPA, Brussels (Belgium), cliché M156556",,,,,
M162362,https://monument.heritage.brussels/fr/Saint-Gilles/Rue_Arthur_Diderich/10/989,Rue Arthur Diderich 10,1980,Façades principales à front de rue,facade,"maison / Maison, Saint-Gilles, rue Arthur Diderich 4-10",https://balat.kikirpa.be/en/photo/M162362/,"https://iiif.kikirpa.be/iiif/2/M162362/full/!800,800/0/default.jpg",data/historical/balat/balat-m162362.jpg,a20f18603482ea0ab56195501dcf7857346c6e47643c1d2f79fc52e2ffa855cd,CC BY 4.0,"KIK-IRPA, Brussels (Belgium), cliché M162362",,,,,
M167858,https://monument.heritage.brussels/fr/Saint-Gilles/Rue_de_l_Argonne/37/972,Rue de l'Argonne 37,1981,Façades principales à front de rue,facade,"hôtel de maître / Maison, Saint-Gilles, rue de l'Argonne 37",https://balat.kikirpa.be/en/photo/M167858/,"https://iiif.kikirpa.be/iiif/2/M167858/full/!800,800/0/default.jpg",data/historical/balat/balat-m167858.jpg,7195ffff04254fa57cb17813afa3f1b624829b815fe5f90632b64c54b8e4a1da,CC BY 4.0,"KIK-IRPA, Brussels (Belgium), cliché M167858",,,,,
N042656,https://monument.heritage.brussels/fr/Saint-Gilles/Rue_Saint-Bernard/64/7367,Rue Saint-Bernard 64,1980,Façades principales à front de rue,facade,"maison / Maison, Saint-Gilles, rue Saint-Bernard 64",https://balat.kikirpa.be/en/photo/N042656/,"https://iiif.kikirpa.be/iiif/2/N042656/full/!800,800/0/default.jpg",data/historical/balat/balat-n042656.jpg,2f237b8fc6fbac3f98699a20afad3c144e6d18a81de44c40e56db7846ef67791,CC BY 4.0,"KIK-IRPA, Brussels (Belgium), cliché N042656",,,,,
T016024,https://monument.heritage.brussels/fr/Bruxelles_Pentagone/Boulevard_Adolphe_Max/108/33237,Boulevard Adolphe Max 108,1975,façades antérieures,facade,"immeuble de rapport / Maison, Bruxelles, boulevard Adolphe Max 108-116",https://balat.kikirpa.be/en/photo/T016024/,"https://iiif.kikirpa.be/iiif/2/T016024/full/!800,800/0/default.jpg",data/historical/balat/balat-t016024.jpg,c58d67fdfe2fa40922eefc8a996a1a091cd110c0907c58dd21c19ff2c708ea81,CC BY 4.0,"KIK-IRPA, Brussels (Belgium), cliché T016024",,,,,
T016222,https://monument.heritage.brussels/fr/Bruxelles_Pentagone/Rue_de_Laeken/16/32639,Rue de Laeken 16,1975,façade antérieure rue de Laeken et façade latérale droite place du Samedi,facade,"immeuble de rapport / Maison, Bruxelles, rue de Laeken 16-18",https://balat.kikirpa.be/en/photo/T016222/,"https://iiif.kikirpa.be/iiif/2/T016222/full/!800,800/0/default.jpg",data/historical/balat/balat-t016222.jpg,8d85faa597fd1b3e4f341aef180b78acbf776a93179843fccf9056bbcaaa0e21,CC BY 4.0,"KIK-IRPA, Brussels (Belgium), cliché T016222",,,,,
T016345,https://monument.heritage.brussels/fr/Bruxelles_Pentagone/Boulevard_Emile_Jacqmain/8/32411,Boulevard Emile Jacqmain 8,1975,façade antérieure boulevard Emile Jacqmain et façade latérale rue Van der Elst,facade,"immeuble de rapport / Maison, Bruxelles, boulevard Emile Jacqmain 8-10",https://balat.kikirpa.be/en/photo/T016345/,"https://iiif.kikirpa.be/iiif/2/T016345/full/!800,800/0/default.jpg",data/historical/balat/balat-t016345.jpg,54dad4e6e88e1c0f7422705b1da613a62b435189094740c390ae6c493f4d613d,CC BY 4.0,"KIK-IRPA, Brussels (Belgium), cliché T016345",,,,,
T016416,https://monument.heritage.brussels/fr/Bruxelles_Pentagone/Rue_des_Fripiers/6/33566,Rue des Fripiers 6,1975,façades antérieures,facade,"maison / Maison, Bruxelles, rue des Fripiers 6",https://balat.kikirpa.be/en/photo/T016416/,"https://iiif.kikirpa.be/iiif/2/T016416/full/!800,800/0/default.jpg",data/historical/balat/balat-t016416.jpg,167473625d6c6dd2a4a240e1c16c19bd047175d97133ccd4a7e0470149c77b4a,CC BY 4.0,"KIK-IRPA, Brussels (Belgium), cliché T016416",,,,,
T016422,https://monument.heritage.brussels/fr/Bruxelles_Pentagone/Rue_des_Fripiers/36/33576,Rue des Fripiers 36,1975,façade antérieure,facade,"immeuble de rapport / Maison, Bruxelles, rue des Fripiers 36",https://balat.kikirpa.be/en/photo/T016422/,"https://iiif.kikirpa.be/iiif/2/T016422/full/!800,800/0/default.jpg",data/historical/balat/balat-t016422.jpg,69d7477ae25dcbc27c68c3228af9f6edde0b20bd042098cf9fd6faab9df9b844,CC BY 4.0,"KIK-IRPA, Brussels (Belgium), cliché T016422",,,,,
T016426,https://monument.heritage.brussels/fr/Bruxelles_Pentagone/Place_de_la_Vieille_Halle_aux_Bles/49/31851,Place de la Vieille Halle aux Blés 49,1975,façade antérieure,facade,"maison / Maison, Bruxelles, Place de la Vieille Halle aux Blés 49",https://balat.kikirpa.be/en/photo/T016426/,"https://iiif.kikirpa.be/iiif/2/T016426/full/!800,800/0/default.jpg",data/historical/balat/balat-t016426.jpg,c4c26a0826e80e7eee013db30a2125dcb47bbbc4e4af46be83d1072e966784cc,CC BY 4.0,"KIK-IRPA, Brussels (Belgium), cliché T016426",,,,,
T016716,https://monument.heritage.brussels/fr/Bruxelles_Pentagone/Rue_du_Midi/102/31479,Rue du Midi 102,1975,façade antérieure,facade,"maison / Maison, Bruxelles, rue du Midi 102-106",https://balat.kikirpa.be/en/photo/T016716/,"https://iiif.kikirpa.be/iiif/2/T016716/full/!800,800/0/default.jpg",data/historical/balat/balat-t016716.jpg,b8bd9496e558052803d7c1731ead7e5d5cb6534d8fdcb5002c2fd955ba3f6731,CC BY 4.0,"KIK-IRPA, Brussels (Belgium), cliché T016716",,,,,
T016736,https://monument.heritage.brussels/fr/Bruxelles_Pentagone/Rue_du_Midi/67/31474,Rue du Midi 67,1975,façade antérieure,facade,"hôtel de maître / Maison, Bruxelles, rue du Midi 67",https://balat.kikirpa.be/en/photo/T016736/,"https://iiif.kikirpa.be/iiif/2/T016736/full/!800,800/0/default.jpg",data/historical/balat/balat-t016736.jpg,c1c5208224abd9bdbadbc05a942d544fc46eeee040d1071a481eacd5b7674e20,CC BY 4.0,"KIK-IRPA, Brussels (Belgium), cliché T016736",,,,,
T016760,https://monument.heritage.brussels/fr/Bruxelles_Pentagone/Rue_du_Midi/40/31461,Rue du Midi 40,1975,façades antérieures,facade,"maison / Maison, Bruxelles, rue du Midi 40-44",https://balat.kikirpa.be/en/photo/T016760/,"https://iiif.kikirpa.be/iiif/2/T016760/full/!800,800/0/default.jpg",data/historical/balat/balat-t016760.jpg,1251b65b3eddf45a365848c5f2be3079029d154fd52af9287ee045ed7af495c7,CC BY 4.0,"KIK-IRPA, Brussels (Belgium), cliché T016760",,,,,
T017637,https://monument.heritage.brussels/fr/Bruxelles_Pentagone/Rue_de_la_Madeleine/33/37914,Rue de la Madeleine 33,1975,façade antérieure,facade,"maison / Maison, Bruxelles, rue de la Madeleine 33",https://balat.kikirpa.be/en/photo/T017637/,"https://iiif.kikirpa.be/iiif/2/T017637/full/!800,800/0/default.jpg",data/historical/balat/balat-t017637.jpg,b024d578e63d11cc035094e05afa120f42b7c39a13e35ab03e25c9d6875f1bac,CC BY 4.0,"KIK-IRPA, Brussels (Belgium), cliché T017637",,,,,
T017849,https://monument.heritage.brussels/fr/Bruxelles_Pentagone/Boulevard_de_Waterloo/25/30635,Boulevard de Waterloo 25,1976,Façades avant,facade,"hôtel de maître / Maison, Bruxelles, boulevard de Waterloo 25-26",https://balat.kikirpa.be/en/photo/T017849/,"https://iiif.kikirpa.be/iiif/2/T017849/full/!800,800/0/default.jpg",data/historical/balat/balat-t017849.jpg,2992a6c77ca65c7e99823b5da7e543256fdec1a57d873c85e484c135ae440bdd,CC BY 4.0,"KIK-IRPA, Brussels (Belgium), cliché T017849",,,,,
T018633,https://monument.heritage.brussels/fr/Bruxelles_Extension_Nord/Rue_Masui/47/37490,Rue Masui 47,1975,façade antérieure,facade,"maison / Maison, Bruxelles, rue Masui 45-47",https://balat.kikirpa.be/en/photo/T018633/,"https://iiif.kikirpa.be/iiif/2/T018633/full/!800,800/0/default.jpg",data/historical/balat/balat-t018633.jpg,437153062f789371c6b7470137ec7a46cded912ece219bedaaa53b4e751d1939,CC BY 4.0,"KIK-IRPA, Brussels (Belgium), cliché T018633",,,,,
T019424,https://monument.heritage.brussels/fr/Bruxelles_Extension_Est/Rue_de_Gravelines/39/18154,Rue de Gravelines 39,1976,façades principales à front de rue,facade,"maison / Maison, Bruxelles, rue de Gravelines 39",https://balat.kikirpa.be/en/photo/T019424/,"https://iiif.kikirpa.be/iiif/2/T019424/full/!800,800/0/default.jpg",data/historical/balat/balat-t019424.jpg,b8c1c7b99ba6e3edc3fe059816f7fa7dc0b5c74a205f610fc734552cde61ad92,CC BY 4.0,"KIK-IRPA, Brussels (Belgium), cliché T019424",,,,,
T019642,https://monument.heritage.brussels/fr/Bruxelles_Extension_Est/Square_Ambiorix/4/18013,Square Ambiorix 4,1976,Vue des façades principales à front de rue,facade,"maison / Maison, Bruxelles, square Ambiorix 4-5",https://balat.kikirpa.be/en/photo/T019642/,"https://iiif.kikirpa.be/iiif/2/T019642/full/!800,800/0/default.jpg",data/historical/balat/balat-t019642.jpg,c153a6910c95ea49f0325b7fb96875d0aa494d77bc54b72b87d5e7a39a5fea1f,CC BY 4.0,"KIK-IRPA, Brussels (Belgium), cliché T019642",,,,,
