photo_id,commons_file,case_ids,class_suggestions,source_styles,built_years,fiche_urls,addresses,photo_view_scope,photo_page_title,source_url,image_url,preview,preview_sha256,licence,sharealike,credit,attribution,agent_verdict,agent_verdict_reason,facade_label,facade_observation,reviewer,reviewed_at,confidence,annotation_status
commons-5-avenue-des-phalenes-1933,5 avenue des Phalènes (1933).jpg,commons-5-avenue-des-phalenes-1933:5,Art Deco,Art Déco,1933,https://monument.heritage.brussels/fr/Bruxelles_Extension_Sud/Avenue_des_Phalenes/5/16092,Avenue des Phalènes 5,facade,5 avenue des Phalènes (1933).jpg,https://commons.wikimedia.org/wiki/File:5_avenue_des_Phal%C3%A8nes_%281933%29.jpg,https://upload.wikimedia.org/wikipedia/commons/3/33/5_avenue_des_Phal%C3%A8nes_%281933%29.jpg?utm_source=commons.wikimedia.org&utm_campaign=imageinfo&utm_content=original,data/historical/commons/commons-5-avenue-des-phalenes-1933.jpg,140b1e4ba518b99a09e8d6fdb90c59a5b3335182052c753f01d7c60f6466144c,CC BY-SA 4.0,yes,Stratoswift,5 avenue des Phalènes (1933).jpg — Stratoswift (CC BY-SA 4.0); https://commons.wikimedia.org/wiki/File:5_avenue_des_Phal%C3%A8nes_%281933%29.jpg,accept,full 1933 art-deco apartment facade with oriels; filename year matches fiche build year,,,,,,pending reviewer annotation
commons-anciens-magasins-wolf-01,Anciens magasins Wolf 01.JPG,commons-anciens-magasins-wolf-01:11,Art Nouveau,Art nouveau,1905,https://monument.heritage.brussels/fr/Bruxelles_Pentagone/Rue_du_Canal/11/32207,Rue du Canal 11,facade,Anciens magasins Wolf 01.JPG,https://commons.wikimedia.org/wiki/File:Anciens_magasins_Wolf_01.JPG,https://upload.wikimedia.org/wikipedia/commons/8/8d/Anciens_magasins_Wolf_01.JPG?utm_source=commons.wikimedia.org&utm_campaign=imageinfo&utm_content=original,data/historical/commons/commons-anciens-magasins-wolf-01.jpg,974261a151fa20051c4c8f0b934b941673db04b324accb507592cbb5d6706112,CC BY-SA 3.0,yes,EmDee,Anciens magasins Wolf 01.JPG — EmDee (CC BY-SA 3.0); https://commons.wikimedia.org/wiki/File:Anciens_magasins_Wolf_01.JPG,accept,"full Art Nouveau facade, door no.11 visible; second-look: owner",,,,,,pending reviewer annotation
commons-avenue-roger-vandendriessche-30-woluwe-saint-pierre,"Avenue Roger Vandendriessche 30, Woluwe-Saint-Pierre.jpg",commons-avenue-roger-vandendriessche-30-woluwe-saint-pierre:30,Beaux-Arts,Beaux-Arts,1909,https://monument.heritage.brussels/fr/Woluwe-Saint-Pierre/Avenue_Roger_Vandendriessche/30/17591,Avenue Roger Vandendriessche 30,facade,"Avenue Roger Vandendriessche 30, Woluwe-Saint-Pierre.jpg",https://commons.wikimedia.org/wiki/File:Avenue_Roger_Vandendriessche_30%2C_Woluwe-Saint-Pierre.jpg,https://upload.wikimedia.org/wikipedia/commons/b/b4/Avenue_Roger_Vandendriessche_30%2C_Woluwe-Saint-Pierre.jpg?utm_source=commons.wikimedia.org&utm_campaign=imageinfo&utm_content=original,data/historical/commons/commons-avenue-roger-vandendriessche-30-woluwe-saint-pierre.jpg,9a3424441213a4c1cf79e595b111654dcab52ea8957478aacb199d0d24fad1c6,CC BY-SA 4.0,yes,Mélioratif,"Avenue Roger Vandendriessche 30, Woluwe-Saint-Pierre.jpg — Mélioratif (CC BY-SA 4.0); https://commons.wikimedia.org/wiki/File:Avenue_Roger_Vandendriessche_30%2C_Woluwe-Saint-Pierre.jpg",accept,"stone beaux-arts corner mansion, door no.30 visible",,,,,,pending reviewer annotation
commons-belgique-bruxelles-cinema-cameo-01,Belgique - Bruxelles - Cinéma Caméo - 01.jpg,commons-belgique-bruxelles-cinema-cameo-01:10,Art Deco,Art Déco,1925,https://monument.heritage.brussels/fr/Bruxelles_Pentagone/Rue_du_Fosse_aux_Loups/10/33528,Rue du Fossé aux Loups 10,facade,Belgique - Bruxelles - Cinéma Caméo - 01.jpg,https://commons.wikimedia.org/wiki/File:Belgique_-_Bruxelles_-_Cin%C3%A9ma_Cam%C3%A9o_-_01.jpg,https://upload.wikimedia.org/wikipedia/commons/4/4c/Belgique_-_Bruxelles_-_Cin%C3%A9ma_Cam%C3%A9o_-_01.jpg?utm_source=commons.wikimedia.org&utm_campaign=imageinfo&utm_content=original,data/historical/commons/commons-belgique-bruxelles-cinema-cameo-01.jpg,818a6b3615644c04719bdc8f91357d6f9cea31f8d2f5e0f4d6d637d99b4dc5ea,CC BY-SA 4.0,yes,EmDee,Belgique - Bruxelles - Cinéma Caméo - 01.jpg — EmDee (CC BY-SA 4.0); https://commons.wikimedia.org/wiki/File:Belgique_-_Bruxelles_-_Cin%C3%A9ma_Cam%C3%A9o_-_01.jpg,accept,full facade with CAMEO stonework cartouche; second-look: owner,,,,,,pending reviewer annotation
commons-brussel-kolenmarkt-77,Brussel Kolenmarkt 77.jpg,commons-brussel-kolenmarkt-77:77,Historicist neo-styles,"Architecture traditionnelle, Régence",,https://monument.heritage.brussels/fr/Bruxelles_Pentagone/Rue_du_Marche_au_Charbon/77/31343,Rue du Marché au Charbon 77,facade,Brussel Kolenmarkt 77.jpg,https://commons.wikimedia.org/wiki/File:Brussel_Kolenmarkt_77.jpg,https://upload.wikimedia.org/wikipedia/commons/f/fe/Brussel_Kolenmarkt_77.jpg?utm_source=commons.wikimedia.org&utm_campaign=imageinfo&utm_content=original,data/historical/commons/commons-brussel-kolenmarkt-77.jpg,ac69b3b387a85e4291ae6330991c482ac82f7240b0187bcbf4ca8ea6528d560b,CC BY-SA 4.0,yes,Henxter,Brussel Kolenmarkt 77.jpg — Henxter (CC BY-SA 4.0); https://commons.wikimedia.org/wiki/File:Brussel_Kolenmarkt_77.jpg,accept,"stepped-gable house, door no.77 visible; second-look: owner",,,,,,pending reviewer annotation
commons-bruxelles-23-quai-aux-pierres-de-taille,Bruxelles 23 Quai aux Pierres de Taille.jpg,commons-bruxelles-23-quai-aux-pierres-de-taille:23,Art Deco,Art Déco,1874,https://monument.heritage.brussels/fr/Bruxelles_Pentagone/Quai_aux_Pierres_de_Taille/23/32871,Quai aux Pierres de Taille 23,detail,Bruxelles 23 Quai aux Pierres de Taille.jpg,https://commons.wikimedia.org/wiki/File:Bruxelles_23_Quai_aux_Pierres_de_Taille.jpg,https://upload.wikimedia.org/wikipedia/commons/f/f5/Bruxelles_23_Quai_aux_Pierres_de_Taille.jpg?utm_source=commons.wikimedia.org&utm_campaign=imageinfo&utm_content=original,data/historical/commons/commons-bruxelles-23-quai-aux-pierres-de-taille.jpg,2afa73b2259ddc86e26a580f293d7b28234f11004cef6061816e3b3a9222f28d,CC BY-SA 3.0,yes,Michel wal,Bruxelles 23 Quai aux Pierres de Taille.jpg — Michel wal (CC BY-SA 3.0); https://commons.wikimedia.org/wiki/File:Bruxelles_23_Quai_aux_Pierres_de_Taille.jpg,accept-caveat,"entrance portal DETAIL with HEURE JOYEUSE deco lettering, not a full facade; identity confirmed by lettering",,,,,,pending reviewer annotation
commons-bruxelles-ensemble-de-maisons-traditionnelles-ecuyer,Bruxelles Ensemble de maisons traditionnelles Ecuyer.jpg,commons-bruxelles-ensemble-de-maisons-traditionnelles-ecuyer:53,Neoclassical,"Néoclassicisme, Néoclassicisme (du 18e siècle)",1953,https://monument.heritage.brussels/fr/Bruxelles_Pentagone/Rue_de_l_Ecuyer/51/33482,Rue de l'Ecuyer 53,facade,Bruxelles Ensemble de maisons traditionnelles Ecuyer.jpg,https://commons.wikimedia.org/wiki/File:Bruxelles_Ensemble_de_maisons_traditionnelles_Ecuyer.jpg,https://upload.wikimedia.org/wikipedia/commons/5/55/Bruxelles_Ensemble_de_maisons_traditionnelles_Ecuyer.jpg?utm_source=commons.wikimedia.org&utm_campaign=imageinfo&utm_content=original,data/historical/commons/commons-bruxelles-ensemble-de-maisons-traditionnelles-ecuyer.jpg,f96bc4b1c11d66a9f05fd74dabdfab1723e20ad1e6e66b3bcbd54cdc2ebcd4ce,CC BY-SA 3.0,yes,Erlikk,Bruxelles Ensemble de maisons traditionnelles Ecuyer.jpg — Erlikk (CC BY-SA 3.0); https://commons.wikimedia.org/wiki/File:Bruxelles_Ensemble_de_maisons_traditionnelles_Ecuyer.jpg,accept,corner facades + L ECUYER street sign visible; second-look: owner,,,,,,pending reviewer annotation
commons-bruxelles-rue-de-la-madeleine-29-1101,Bruxelles rue de la Madeleine 29 1101.jpg,commons-bruxelles-rue-de-la-madeleine-29-1101:29,Baroque with classical features; Neoclassical,"Baroque classicisant, Néoclassicisme (du 18e siècle), Néoclassicisme",,https://monument.heritage.brussels/fr/Bruxelles_Pentagone/Rue_de_la_Madeleine/29/31311,Rue de la Madeleine 29,partial-facade,Bruxelles rue de la Madeleine 29 1101.jpg,https://commons.wikimedia.org/wiki/File:Bruxelles_rue_de_la_Madeleine_29_1101.jpg,https://upload.wikimedia.org/wikipedia/commons/e/eb/Bruxelles_rue_de_la_Madeleine_29_1101.jpg?utm_source=commons.wikimedia.org&utm_campaign=imageinfo&utm_content=original,data/historical/commons/commons-bruxelles-rue-de-la-madeleine-29-1101.jpg,b11b4250f2bd2ad92d3d79239253b33bad2f52a53dd979c4e66c62c5ac5fd498,CC BY-SA 3.0,yes,Michel wal,Bruxelles rue de la Madeleine 29 1101.jpg — Michel wal (CC BY-SA 3.0); https://commons.wikimedia.org/wiki/File:Bruxelles_rue_de_la_Madeleine_29_1101.jpg,accept-caveat,ground-floor bookshop front with no.29; upper facade not shown,,,,,,pending reviewer annotation
commons-bruxelles-rue-des-chapeliers-40-901,Bruxelles rue des Chapeliers 40 901.jpg,commons-bruxelles-rue-des-chapeliers-40-901:40,Art Deco,Art Déco,1930,https://monument.heritage.brussels/fr/Bruxelles_Pentagone/Rue_des_Chapeliers/40/30927,Rue des Chapeliers 40,partial-facade,Bruxelles rue des Chapeliers 40 901.jpg,https://commons.wikimedia.org/wiki/File:Bruxelles_rue_des_Chapeliers_40_901.jpg,https://upload.wikimedia.org/wikipedia/commons/c/c8/Bruxelles_rue_des_Chapeliers_40_901.jpg?utm_source=commons.wikimedia.org&utm_campaign=imageinfo&utm_content=original,data/historical/commons/commons-bruxelles-rue-des-chapeliers-40-901.jpg,27d36709d7cfc33535f741e4ab1c64c918419c6299b290014c39a8bfa3f6aebe,CC BY-SA 3.0,yes,Michel wal,Bruxelles rue des Chapeliers 40 901.jpg — Michel wal (CC BY-SA 3.0); https://commons.wikimedia.org/wiki/File:Bruxelles_rue_des_Chapeliers_40_901.jpg,accept-caveat,"ground-floor shopfront only (no.40 visible, VIOLETTE street sign); upper facade not shown",,,,,,pending reviewer annotation
commons-bxlstreet15,Bxlstreet15.jpg,commons-bxlstreet15:42,Historicist neo-styles,"Historicisme, Rococo",,https://monument.heritage.brussels/fr/Bruxelles_Pentagone/Rue_du_Marche_au_Charbon/42/31327,Rue du Marché au Charbon 42,facade,Bxlstreet15.jpg,https://commons.wikimedia.org/wiki/File:Bxlstreet15.jpg,https://upload.wikimedia.org/wikipedia/commons/1/17/Bxlstreet15.jpg?utm_source=commons.wikimedia.org&utm_campaign=imageinfo&utm_content=original,data/historical/commons/commons-bxlstreet15.jpg,8b8dbf3615deaed86911e10c41a1b05e84301957acf712e035a8d86d3dbcd97f,CC0,no,Karmakolle,Bxlstreet15.jpg — Karmakolle (CC0); https://commons.wikimedia.org/wiki/File:Bxlstreet15.jpg,accept,full narrow housefront; second-look: owner,,,,,,pending reviewer annotation
commons-grand-sablon-40-petite-rue-des-minimes-2-4-brussels,Grand Sablon 40- Petite rue des Minimes 2-4 Brussels.jpg,commons-grand-sablon-40-petite-rue-des-minimes-2-4-brussels:2,Eclecticism; Neoclassical,"Éclectisme, Néoclassicisme",,https://monument.heritage.brussels/fr/Bruxelles_Pentagone/Place_du_Grand_Sablon/44/30195,Rue des Minimes 2,facade,Grand Sablon 40- Petite rue des Minimes 2-4 Brussels.jpg,https://commons.wikimedia.org/wiki/File:Grand_Sablon_40-_Petite_rue_des_Minimes_2-4_Brussels.jpg,https://upload.wikimedia.org/wikipedia/commons/5/57/Grand_Sablon_40-_Petite_rue_des_Minimes_2-4_Brussels.jpg?utm_source=commons.wikimedia.org&utm_campaign=imageinfo&utm_content=original,data/historical/commons/commons-grand-sablon-40-petite-rue-des-minimes-2-4-brussels.jpg,6218298fa79bf34c0553362231343eca2b3f3cdc5a2b2ee104c41f22306c65a9,CC BY-SA 3.0,yes,Zinneke,Grand Sablon 40- Petite rue des Minimes 2-4 Brussels.jpg — Zinneke (CC BY-SA 3.0); https://commons.wikimedia.org/wiki/File:Grand_Sablon_40-_Petite_rue_des_Minimes_2-4_Brussels.jpg,accept,"full corner facade, no.40 plaque visible; second-look: owner",,,,,,pending reviewer annotation
commons-immeuble-a-appartements-maison-personnelle-et-bureau-de-l-architecte-adrien-blom,Immeuble à appartements maison personnelle et bureau de l architecte Adrien Blomme Avenue Antoine Depage 1 Avenue Franklin Roosevelt 52.jpg,commons-immeuble-a-appartements-maison-personnelle-et-bureau-de-l-architecte-adrien-blom:1,Beaux-Arts; Modernism (period undetermined),"Beaux-Arts, Classicisme moderne",1923,https://monument.heritage.brussels/fr/Bruxelles_Extension_Sud/Avenue_Franklin_Roosevelt/1/16104,Avenue Franklin Roosevelt 1,facade,Immeuble à appartements maison personnelle et bureau de l architecte Adrien Blomme Avenue Antoine Depage 1 Avenue Franklin Roosevelt 52.jpg,https://commons.wikimedia.org/wiki/File:Immeuble_%C3%A0_appartements_maison_personnelle_et_bureau_de_l_architecte_Adrien_Blomme_Avenue_Antoine_Depage_1_Avenue_Franklin_Roosevelt_52.jpg,https://upload.wikimedia.org/wikipedia/commons/4/41/Immeuble_%C3%A0_appartements_maison_personnelle_et_bureau_de_l_architecte_Adrien_Blomme_Avenue_Antoine_Depage_1_Avenue_Franklin_Roosevelt_52.jpg?utm_source=commons.wikimedia.org&utm_campaign=imageinfo&utm_content=original,data/historical/commons/commons-immeuble-a-appartements-maison-personnelle-et-bureau-de-l-architecte-adrien-blom.jpg,53ea8d2322cffaee32a9eb974009dbf222a7811508fadc90bfb7c4d6a4248c52,CC BY-SA 4.0,yes,Mélioratif,Immeuble à appartements maison personnelle et bureau de l architecte Adrien Blomme Avenue Antoine Depage 1 Avenue Franklin Roosevelt 52.jpg — Mélioratif (CC BY-SA 4.0); https://commons.wikimedia.org/wiki/File:Immeuble_%C3%A0_appartements_maison_personnelle_et_bureau_de_l_architecte_Adrien_Blomme_Avenue_Antoine_Depage_1_Avenue_Franklin_Roosevelt_52.jpg,accept,"architect own villa 1923, full curved modernist block",,,,,,pending reviewer annotation
commons-ixelles-avenue-emile-duray-58,Ixelles avenue Emile-Duray 58.jpg,commons-ixelles-avenue-emile-duray-58:58,Modernism (interwar); Art Deco,"Modernisme, Art Déco",1927,https://monument.heritage.brussels/fr/Ixelles/Avenue_Emile_Duray/58/21568,Avenue Émile Duray 58,facade,Ixelles avenue Emile-Duray 58.jpg,https://commons.wikimedia.org/wiki/File:Ixelles_avenue_Emile-Duray_58.jpg,https://upload.wikimedia.org/wikipedia/commons/7/78/Ixelles_avenue_Emile-Duray_58.jpg?utm_source=commons.wikimedia.org&utm_campaign=imageinfo&utm_content=original,data/historical/commons/commons-ixelles-avenue-emile-duray-58.jpg,8313665f617ac3ce5f70bd959fbafe6db8141e54e757af6bf80a6154349d62bf,CC BY-SA 3.0,yes,Michel wal,Ixelles avenue Emile-Duray 58.jpg — Michel wal (CC BY-SA 3.0); https://commons.wikimedia.org/wiki/File:Ixelles_avenue_Emile-Duray_58.jpg,accept,full white modernist apartment block,,,,,,pending reviewer annotation
commons-jozef-ii-straat-34-neoclassicistisch-huis,JOZEF II-STRAAT 34 - Neoclassicistisch huis.jpeg,commons-jozef-ii-straat-34-neoclassicistisch-huis:34,Eclecticism; Neoclassical,"Éclectisme, Néoclassicisme",,https://monument.heritage.brussels/fr/Bruxelles_Extension_Est/Rue_Joseph_II/34/38187,Rue Joseph II 34,facade,JOZEF II-STRAAT 34 - Neoclassicistisch huis.jpeg,https://commons.wikimedia.org/wiki/File:JOZEF_II-STRAAT_34_-_Neoclassicistisch_huis.jpeg,https://upload.wikimedia.org/wikipedia/commons/5/56/JOZEF_II-STRAAT_34_-_Neoclassicistisch_huis.jpeg?utm_source=commons.wikimedia.org&utm_campaign=imageinfo&utm_content=original,data/historical/commons/commons-jozef-ii-straat-34-neoclassicistisch-huis.jpg,151e117d76363f6bf74d4651b489085444e91002fe28feba331285bdfe8767ed,CC BY-SA 3.0,yes,Rroemers,JOZEF II-STRAAT 34 - Neoclassicistisch huis.jpeg — Rroemers (CC BY-SA 3.0); https://commons.wikimedia.org/wiki/File:JOZEF_II-STRAAT_34_-_Neoclassicistisch_huis.jpeg,accept,"full facade, exact address in filename; second-look: owner",,,,,,pending reviewer annotation
commons-kolenmarkt-62-tot-66-brussel-12-4-2018-13-40-45,Kolenmarkt 62 tot 66 Brussel 12-4-2018 13-40-45.JPG,commons-kolenmarkt-62-tot-66-brussel-12-4-2018-13-40-45:62; commons-kolenmarkt-62-tot-66-brussel-12-4-2018-13-40-45:66,Neoclassical,"Néoclassicisme (du 18e siècle), Néoclassicisme; Néoclassicisme (du 18e siècle)",,https://monument.heritage.brussels/fr/Bruxelles_Pentagone/Rue_du_Marche_au_Charbon/62/31333; https://monument.heritage.brussels/fr/Bruxelles_Pentagone/Rue_du_Marche_au_Charbon/66/31337,Rue du Marché au Charbon 62; Rue du Marché au Charbon 66,facade,Kolenmarkt 62 tot 66 Brussel 12-4-2018 13-40-45.JPG,https://commons.wikimedia.org/wiki/File:Kolenmarkt_62_tot_66_Brussel_12-4-2018_13-40-45.JPG,https://upload.wikimedia.org/wikipedia/commons/d/d0/Kolenmarkt_62_tot_66_Brussel_12-4-2018_13-40-45.JPG?utm_source=commons.wikimedia.org&utm_campaign=imageinfo&utm_content=original,data/historical/commons/commons-kolenmarkt-62-tot-66-brussel-12-4-2018-13-40-45.jpg,c0bee908a43cb4ebf83d9a3e36e21984b2839c5804a98c50047d53450c0cda4a,CC0,no,Paul Hermans,Kolenmarkt 62 tot 66 Brussel 12-4-2018 13-40-45.JPG — Paul Hermans (CC0); https://commons.wikimedia.org/wiki/File:Kolenmarkt_62_tot_66_Brussel_12-4-2018_13-40-45.JPG,accept,streetscape covering the 62-66 range; shared by 2 fiches like A105109 pattern; second-look: owner,,,,,,pending reviewer annotation
commons-laeken-laken-avenue-houba-de-strooperlaan-188-2025-09-27,Laeken-Laken - Avenue Houba de Strooperlaan 188 - 2025-09-27.jpg,commons-laeken-laken-avenue-houba-de-strooperlaan-188-2025-09-27:188,Modernism (interwar); Art Deco; Paquebot style,"Modernisme, Art Déco, Paquebot",1935,https://monument.heritage.brussels/fr/Bruxelles_Laeken/Avenue_Houba_de_Strooper/188/38417,Avenue Houba de Strooper 188,facade,Laeken-Laken - Avenue Houba de Strooperlaan 188 - 2025-09-27.jpg,https://commons.wikimedia.org/wiki/File:Laeken-Laken_-_Avenue_Houba_de_Strooperlaan_188_-_2025-09-27.jpg,https://upload.wikimedia.org/wikipedia/commons/5/57/Laeken-Laken_-_Avenue_Houba_de_Strooperlaan_188_-_2025-09-27.jpg?utm_source=commons.wikimedia.org&utm_campaign=imageinfo&utm_content=original,data/historical/commons/commons-laeken-laken-avenue-houba-de-strooperlaan-188-2025-09-27.jpg,28742b4a598773817c9401f488deaa6c61b7eb5cbc8cfe6dde35268a9d51c505,CC BY-SA 4.0,yes,Sjenghai,Laeken-Laken - Avenue Houba de Strooperlaan 188 - 2025-09-27.jpg — Sjenghai (CC BY-SA 4.0); https://commons.wikimedia.org/wiki/File:Laeken-Laken_-_Avenue_Houba_de_Strooperlaan_188_-_2025-09-27.jpg,accept,"curved-corner paquebot with portholes, full facade; first Paquebot-class image",,,,,,pending reviewer annotation
commons-logements-sociaux-du-foyer-laekenois-bruxelles-rue-fineau-0-rue-fransman-94-2013,Logements sociaux du Foyer Laekenois Bruxelles - rue Fineau 0 rue Fransman 94 2013-08 --1.JPG,commons-logements-sociaux-du-foyer-laekenois-bruxelles-rue-fineau-0-rue-fransman-94-2013:1,Art Deco,Art Déco,1935,https://monument.heritage.brussels/fr/Bruxelles_Laeken/Rue_Fransman/1/38338,Rue Fransman 1,detail,Logements sociaux du Foyer Laekenois Bruxelles - rue Fineau 0 rue Fransman 94 2013-08 --1.JPG,https://commons.wikimedia.org/wiki/File:Logements_sociaux_du_Foyer_Laekenois_Bruxelles_-_rue_Fineau_0_rue_Fransman_94_2013-08_--1.JPG,https://upload.wikimedia.org/wikipedia/commons/b/bc/Logements_sociaux_du_Foyer_Laekenois_Bruxelles_-_rue_Fineau_0_rue_Fransman_94_2013-08_--1.JPG?utm_source=commons.wikimedia.org&utm_campaign=imageinfo&utm_content=original,data/historical/commons/commons-logements-sociaux-du-foyer-laekenois-bruxelles-rue-fineau-0-rue-fransman-94-2013.jpg,4bbc0001ce86d53e25c99d413d0215a298d6c9acee041b86702d4d14f974510c,CC BY-SA 3.0,yes,Zinneke,Logements sociaux du Foyer Laekenois Bruxelles - rue Fineau 0 rue Fransman 94 2013-08 --1.JPG — Zinneke (CC BY-SA 3.0); https://commons.wikimedia.org/wiki/File:Logements_sociaux_du_Foyer_Laekenois_Bruxelles_-_rue_Fineau_0_rue_Fransman_94_2013-08_--1.JPG,accept,"corner social-housing block, brick+stone deco detailing, full facades",,,,,,pending reviewer annotation
commons-parlamentarium-parlement-europeen-je-suis-nice,Parlamentarium - Parlement européen - Je suis Nice.jpg,commons-parlamentarium-parlement-europeen-je-suis-nice:60,Postmodernism,Postmodernisme,1987,https://monument.heritage.brussels/fr/Bruxelles_Extension_Est/Rue_Wiertz/43/41812,Rue Wiertz 60,facade,Parlamentarium - Parlement européen - Je suis Nice.jpg,https://commons.wikimedia.org/wiki/File:Parlamentarium_-_Parlement_europ%C3%A9en_-_Je_suis_Nice.jpg,https://upload.wikimedia.org/wikipedia/commons/6/60/Parlamentarium_-_Parlement_europ%C3%A9en_-_Je_suis_Nice.jpg?utm_source=commons.wikimedia.org&utm_campaign=imageinfo&utm_content=original,data/historical/commons/commons-parlamentarium-parlement-europeen-je-suis-nice.jpg,9df9c1ba2a90834dc380ec33612f8b767fdcfb6b475006eae636caec4c28b720,CC BY-SA 3.0,yes,LeJC,Parlamentarium - Parlement européen - Je suis Nice.jpg — LeJC (CC BY-SA 3.0); https://commons.wikimedia.org/wiki/File:Parlamentarium_-_Parlement_europ%C3%A9en_-_Je_suis_Nice.jpg,accept-caveat,EP Wiertz complex confirmed; event banner occludes facade — reviewer to confirm usability,,,,,,pending reviewer annotation
commons-r-rue-des-fabriques-32-maison-architecte-eugene-van-dievoet-1923,"R. rue des Fabriques, 32, Maison, architecte EUGENE VAN DIEVOET, 1923..JPG",commons-r-rue-des-fabriques-32-maison-architecte-eugene-van-dievoet-1923:32,Eclecticism; Art Deco,"Éclectisme, Art Déco, Architecture traditionaliste",,https://monument.heritage.brussels/fr/Bruxelles_Pentagone/Rue_des_Fabriques/32/32449,Rue des Fabriques 32,facade,"R. rue des Fabriques, 32, Maison, architecte EUGENE VAN DIEVOET, 1923..JPG",https://commons.wikimedia.org/wiki/File:R._rue_des_Fabriques%2C_32%2C_Maison%2C_architecte_EUGENE_VAN_DIEVOET%2C_1923..JPG,https://upload.wikimedia.org/wikipedia/commons/2/26/R._rue_des_Fabriques%2C_32%2C_Maison%2C_architecte_EUGENE_VAN_DIEVOET%2C_1923..JPG?utm_source=commons.wikimedia.org&utm_campaign=imageinfo&utm_content=original,data/historical/commons/commons-r-rue-des-fabriques-32-maison-architecte-eugene-van-dievoet-1923.jpg,a5c208f3060f6ef8e55966f0664e38f9359dbc049fc50bf3763c5482c67ac364,Public domain,no,cliché personnel,"R. rue des Fabriques, 32, Maison, architecte EUGENE VAN DIEVOET, 1923..JPG — cliché personnel (Public domain); https://commons.wikimedia.org/wiki/File:R._rue_des_Fabriques%2C_32%2C_Maison%2C_architecte_EUGENE_VAN_DIEVOET%2C_1923..JPG",accept,"full brick facade, door no.32 visible, Public domain",,,,,,pending reviewer annotation
commons-sj-molenbeek-sj-avenue-joseph-baecklaan-60-66-2025-08-06,SJ-Molenbeek-SJ - Avenue Joseph Baecklaan 60-66 - 2025-08-06.jpg,commons-sj-molenbeek-sj-avenue-joseph-baecklaan-60-66-2025-08-06:66,Modernism (period undetermined),Modernisme,,https://monument.heritage.brussels/fr/Molenbeek-Saint-Jean/Avenue_Joseph_Baeck/60/34394,Avenue Joseph Baeck 66,facade,SJ-Molenbeek-SJ - Avenue Joseph Baecklaan 60-66 - 2025-08-06.jpg,https://commons.wikimedia.org/wiki/File:SJ-Molenbeek-SJ_-_Avenue_Joseph_Baecklaan_60-66_-_2025-08-06.jpg,https://upload.wikimedia.org/wikipedia/commons/8/86/SJ-Molenbeek-SJ_-_Avenue_Joseph_Baecklaan_60-66_-_2025-08-06.jpg?utm_source=commons.wikimedia.org&utm_campaign=imageinfo&utm_content=original,data/historical/commons/commons-sj-molenbeek-sj-avenue-joseph-baecklaan-60-66-2025-08-06.jpg,3ca318b07ac1bc8257be28e445ca894962e0282c76235f2da3ac8f7d5e456523,CC BY-SA 4.0,yes,Sjenghai,SJ-Molenbeek-SJ - Avenue Joseph Baecklaan 60-66 - 2025-08-06.jpg — Sjenghai (CC BY-SA 4.0); https://commons.wikimedia.org/wiki/File:SJ-Molenbeek-SJ_-_Avenue_Joseph_Baecklaan_60-66_-_2025-08-06.jpg,accept,"modernist apartment ensemble 60-66, curved glass stairwells, full facades",,,,,,pending reviewer annotation
commons-uccle-ukkel-avenue-brugmann-brugmannlaan-491-2025-09-13,Uccle-Ukkel - Avenue Brugmann-Brugmannlaan 491 - 2025-09-13.jpg,commons-uccle-ukkel-avenue-brugmann-brugmannlaan-491-2025-09-13:491,Art Deco,Art Déco,1920,https://monument.heritage.brussels/fr/Uccle/Avenue_Brugmann/491/26959,Avenue Brugmann 491,facade,Uccle-Ukkel - Avenue Brugmann-Brugmannlaan 491 - 2025-09-13.jpg,https://commons.wikimedia.org/wiki/File:Uccle-Ukkel_-_Avenue_Brugmann-Brugmannlaan_491_-_2025-09-13.jpg,https://upload.wikimedia.org/wikipedia/commons/7/70/Uccle-Ukkel_-_Avenue_Brugmann-Brugmannlaan_491_-_2025-09-13.jpg?utm_source=commons.wikimedia.org&utm_campaign=imageinfo&utm_content=original,data/historical/commons/commons-uccle-ukkel-avenue-brugmann-brugmannlaan-491-2025-09-13.jpg,7dec7e5d63b420fc64c74657bc46629b5f139beb50a81b72ab4d95009d0eb572,CC BY-SA 4.0,yes,Sjenghai,Uccle-Ukkel - Avenue Brugmann-Brugmannlaan 491 - 2025-09-13.jpg — Sjenghai (CC BY-SA 4.0); https://commons.wikimedia.org/wiki/File:Uccle-Ukkel_-_Avenue_Brugmann-Brugmannlaan_491_-_2025-09-13.jpg,accept,full art-deco brick house with sculptures and oriels,,,,,,pending reviewer annotation
commons-ville-bru-stad-rue-d-arlon-aarlenstraat-53-2025-02-28-renovation-verbouwing,Ville-BRU-Stad - Rue d'Arlon-Aarlenstraat 53 - 2025-02-28 - rénovation-verbouwing.jpg,commons-ville-bru-stad-rue-d-arlon-aarlenstraat-53-2025-02-28-renovation-verbouwing:53,Brutalism,Brutalisme,1964,https://monument.heritage.brussels/fr/Bruxelles_Extension_Est/Rue_d_Arlon/53/38101,Rue d'Arlon 53,facade,Ville-BRU-Stad - Rue d'Arlon-Aarlenstraat 53 - 2025-02-28 - rénovation-verbouwing.jpg,https://commons.wikimedia.org/wiki/File:Ville-BRU-Stad_-_Rue_d%27Arlon-Aarlenstraat_53_-_2025-02-28_-_r%C3%A9novation-verbouwing.jpg,https://upload.wikimedia.org/wikipedia/commons/a/a4/Ville-BRU-Stad_-_Rue_d%27Arlon-Aarlenstraat_53_-_2025-02-28_-_r%C3%A9novation-verbouwing.jpg?utm_source=commons.wikimedia.org&utm_campaign=imageinfo&utm_content=original,data/historical/commons/commons-ville-bru-stad-rue-d-arlon-aarlenstraat-53-2025-02-28-renovation-verbouwing.jpg,4685d45d9b27e4792912427c2f4ff74f3be153d9704f49e02fe6ec7dd53bd4ae,CC BY-SA 4.0,yes,Sjenghai,Ville-BRU-Stad - Rue d'Arlon-Aarlenstraat 53 - 2025-02-28 - rénovation-verbouwing.jpg — Sjenghai (CC BY-SA 4.0); https://commons.wikimedia.org/wiki/File:Ville-BRU-Stad_-_Rue_d%27Arlon-Aarlenstraat_53_-_2025-02-28_-_r%C3%A9novation-verbouwing.jpg,accept-caveat,"brutalist slab confirmed but site under renovation (cranes, boards); reviewer decides usability",,,,,,pending reviewer annotation
commons-ville-bru-stad-rue-d-arlon-aarlenstraat-53-55-rue-de-treves-trierstraat-82-84-re,Ville-BRU-Stad - Rue d'Arlon-Aarlenstraat 53-55 + Rue de Trèves-Trierstraat 82+84 - rénovation-verbouwing - 2025-03-03.jpg,commons-ville-bru-stad-rue-d-arlon-aarlenstraat-53-55-rue-de-treves-trierstraat-82-84-re:82,Brutalism,Brutalisme,1964,https://monument.heritage.brussels/fr/Bruxelles_Extension_Est/Rue_d_Arlon/53/38101,Rue de Trèves 82,facade,Ville-BRU-Stad - Rue d'Arlon-Aarlenstraat 53-55 + Rue de Trèves-Trierstraat 82+84 - rénovation-verbouwing - 2025-03-03.jpg,https://commons.wikimedia.org/wiki/File:Ville-BRU-Stad_-_Rue_d%27Arlon-Aarlenstraat_53-55_%2B_Rue_de_Tr%C3%A8ves-Trierstraat_82%2B84_-_r%C3%A9novation-verbouwing_-_2025-03-03.jpg,https://upload.wikimedia.org/wikipedia/commons/9/94/Ville-BRU-Stad_-_Rue_d%27Arlon-Aarlenstraat_53-55_%2B_Rue_de_Tr%C3%A8ves-Trierstraat_82%2B84_-_r%C3%A9novation-verbouwing_-_2025-03-03.jpg?utm_source=commons.wikimedia.org&utm_campaign=imageinfo&utm_content=original,data/historical/commons/commons-ville-bru-stad-rue-d-arlon-aarlenstraat-53-55-rue-de-treves-trierstraat-82-84-re.jpg,5cd0a2f1e9ebd21b9a560892697dc78cecfc51a4f9b42fafea80dd8232b20053,CC BY-SA 4.0,yes,Sjenghai,Ville-BRU-Stad - Rue d'Arlon-Aarlenstraat 53-55 + Rue de Trèves-Trierstraat 82+84 - rénovation-verbouwing - 2025-03-03.jpg — Sjenghai (CC BY-SA 4.0); https://commons.wikimedia.org/wiki/File:Ville-BRU-Stad_-_Rue_d%27Arlon-Aarlenstraat_53-55_%2B_Rue_de_Tr%C3%A8ves-Trierstraat_82%2B84_-_r%C3%A9novation-verbouwing_-_2025-03-03.jpg,accept-caveat,"adjacent brutalist slabs, same renovation site; reviewer decides",,,,,,pending reviewer annotation
