photo_id,commons_file,fiche_urls,addresses,photo_view_scope,photo_page_title,source_url,image_url,preview,preview_sha256,licence,sharealike,credit,attribution,identity_verdict,facade_label,facade_observation,reviewer,reviewed_at
commons-160-avenue-richard-neybergh-laeken-01,160 avenue Richard Neybergh Laeken 01.jpg,https://monument.heritage.brussels/fr/Bruxelles_Laeken/Avenue_Richard_Neybergh/160/36170,Avenue Richard Neybergh 160,partial-facade,160 avenue Richard Neybergh Laeken 01.jpg,https://commons.wikimedia.org/wiki/File:160_avenue_Richard_Neybergh_Laeken_01.jpg,https://upload.wikimedia.org/wikipedia/commons/8/84/160_avenue_Richard_Neybergh_Laeken_01.jpg?utm_source=commons.wikimedia.org&utm_campaign=imageinfo&utm_content=original,data/historical/commons/commons-160-avenue-richard-neybergh-laeken-01.jpg,b113bb6e3b1f7ac0cb82de5ef54d2d4673b9e3626ca659a7e4a52296b3641e9b,CC BY-SA 3.0,yes,Michel wal,160 avenue Richard Neybergh Laeken 01.jpg — Michel wal (CC BY-SA 3.0); https://commons.wikimedia.org/wiki/File:160_avenue_Richard_Neybergh_Laeken_01.jpg,,,,,
commons-344-346-chaussee-de-bruxelles,344-346 Chaussée de Bruxelles.JPG,https://monument.heritage.brussels/fr/Forest/Chaussaee_de_Bruxelles/344/28994,Chaussée de Bruxelles 344,facade,344-346 Chaussée de Bruxelles.JPG,https://commons.wikimedia.org/wiki/File:344-346_Chauss%C3%A9e_de_Bruxelles.JPG,https://upload.wikimedia.org/wikipedia/commons/2/20/344-346_Chauss%C3%A9e_de_Bruxelles.JPG?utm_source=commons.wikimedia.org&utm_campaign=imageinfo&utm_content=original,data/historical/commons/commons-344-346-chaussee-de-bruxelles.jpg,9407ccfc5729dff2d3ec69f50dad348ed6dcb26e4bbc28656238a62d09e11d2d,CC BY 4.0,no,Stratoswift,344-346 Chaussée de Bruxelles.JPG — Stratoswift (CC BY 4.0); https://commons.wikimedia.org/wiki/File:344-346_Chauss%C3%A9e_de_Bruxelles.JPG,,,,,
commons-39-41-rue-gretry-18-novembre-2024,"39, 41 Rue Grétry, 18 novembre 2024.JPG",https://monument.heritage.brussels/fr/Bruxelles_Pentagone/Rue_Gretry/39/33609,Rue Grétry 39,partial-facade,"39, 41 Rue Grétry, 18 novembre 2024.JPG",https://commons.wikimedia.org/wiki/File:39%2C_41_Rue_Gr%C3%A9try%2C_18_novembre_2024.JPG,https://upload.wikimedia.org/wikipedia/commons/5/56/39%2C_41_Rue_Gr%C3%A9try%2C_18_novembre_2024.JPG?utm_source=commons.wikimedia.org&utm_campaign=imageinfo&utm_content=original,data/historical/commons/commons-39-41-rue-gretry-18-novembre-2024.jpg,533385490e8061b79a8e03bc7a8cb201b12d01d951382bfb41c018175cb8b272,CC BY 2.0,no,Stratoswift,"39, 41 Rue Grétry, 18 novembre 2024.JPG — Stratoswift (CC BY 2.0); https://commons.wikimedia.org/wiki/File:39%2C_41_Rue_Gr%C3%A9try%2C_18_novembre_2024.JPG",,,,,
commons-43-45-47-rue-gretry-18-novembre-2024,"43-45-47 rue Grétry, 18 novembre 2024.jpg",https://monument.heritage.brussels/fr/Bruxelles_Pentagone/Rue_Gretry/39/33609,Rue Grétry 43,facade,"43-45-47 rue Grétry, 18 novembre 2024.jpg",https://commons.wikimedia.org/wiki/File:43-45-47_rue_Gr%C3%A9try%2C_18_novembre_2024.jpg,https://upload.wikimedia.org/wikipedia/commons/8/8d/43-45-47_rue_Gr%C3%A9try%2C_18_novembre_2024.jpg?utm_source=commons.wikimedia.org&utm_campaign=imageinfo&utm_content=original,data/historical/commons/commons-43-45-47-rue-gretry-18-novembre-2024.jpg,1a739477fb13291a45b6eef57ae47b5d853e88547575f3cd407af29f52f940db,CC BY-SA 4.0,yes,Stratoswift,"43-45-47 rue Grétry, 18 novembre 2024.jpg — Stratoswift (CC BY-SA 4.0); https://commons.wikimedia.org/wiki/File:43-45-47_rue_Gr%C3%A9try%2C_18_novembre_2024.jpg",,,,,
commons-5-avenue-des-phalenes-1933,5 avenue des Phalènes (1933).jpg,https://monument.heritage.brussels/fr/Bruxelles_Extension_Sud/Avenue_des_Phalenes/5/16092,Avenue des Phalènes 5,facade,5 avenue des Phalènes (1933).jpg,https://commons.wikimedia.org/wiki/File:5_avenue_des_Phal%C3%A8nes_%281933%29.jpg,https://upload.wikimedia.org/wikipedia/commons/3/33/5_avenue_des_Phal%C3%A8nes_%281933%29.jpg?utm_source=commons.wikimedia.org&utm_campaign=imageinfo&utm_content=original,data/historical/commons/commons-5-avenue-des-phalenes-1933.jpg,140b1e4ba518b99a09e8d6fdb90c59a5b3335182052c753f01d7c60f6466144c,CC BY-SA 4.0,yes,Stratoswift,5 avenue des Phalènes (1933).jpg — Stratoswift (CC BY-SA 4.0); https://commons.wikimedia.org/wiki/File:5_avenue_des_Phal%C3%A8nes_%281933%29.jpg,,,,,
commons-anciens-magasins-wolf-01,Anciens magasins Wolf 01.JPG,https://monument.heritage.brussels/fr/Bruxelles_Pentagone/Rue_du_Canal/11/32207,Rue du Canal 11,facade,Anciens magasins Wolf 01.JPG,https://commons.wikimedia.org/wiki/File:Anciens_magasins_Wolf_01.JPG,https://upload.wikimedia.org/wikipedia/commons/8/8d/Anciens_magasins_Wolf_01.JPG?utm_source=commons.wikimedia.org&utm_campaign=imageinfo&utm_content=original,data/historical/commons/commons-anciens-magasins-wolf-01.jpg,974261a151fa20051c4c8f0b934b941673db04b324accb507592cbb5d6706112,CC BY-SA 3.0,yes,EmDee,Anciens magasins Wolf 01.JPG — EmDee (CC BY-SA 3.0); https://commons.wikimedia.org/wiki/File:Anciens_magasins_Wolf_01.JPG,,,,,
commons-anderlecht-place-de-la-resistance-n-7-60044,Anderlecht Place de la Résistance N°7 60044.jpg,https://monument.heritage.brussels/fr/Anderlecht/Place_de_la_Resistance/7/36480,Place de la Résistance 7,facade,Anderlecht Place de la Résistance N°7 60044.jpg,https://commons.wikimedia.org/wiki/File:Anderlecht_Place_de_la_R%C3%A9sistance_N%C2%B07_60044.jpg,https://upload.wikimedia.org/wikipedia/commons/1/13/Anderlecht_Place_de_la_R%C3%A9sistance_N%C2%B07_60044.jpg?utm_source=commons.wikimedia.org&utm_campaign=imageinfo&utm_content=original,data/historical/commons/commons-anderlecht-place-de-la-resistance-n-7-60044.jpg,a502a8d0fd7140c91edafc1ba258051660f3f1a728f938e99b13f212138c000c,CC BY-SA 4.0,yes,Jacquesverlaeken,Anderlecht Place de la Résistance N°7 60044.jpg — Jacquesverlaeken (CC BY-SA 4.0); https://commons.wikimedia.org/wiki/File:Anderlecht_Place_de_la_R%C3%A9sistance_N%C2%B07_60044.jpg,,,,,
commons-avenue-roger-vandendriessche-30-woluwe-saint-pierre,"Avenue Roger Vandendriessche 30, Woluwe-Saint-Pierre.jpg",https://monument.heritage.brussels/fr/Woluwe-Saint-Pierre/Avenue_Roger_Vandendriessche/30/17591,Avenue Roger Vandendriessche 30,facade,"Avenue Roger Vandendriessche 30, Woluwe-Saint-Pierre.jpg",https://commons.wikimedia.org/wiki/File:Avenue_Roger_Vandendriessche_30%2C_Woluwe-Saint-Pierre.jpg,https://upload.wikimedia.org/wikipedia/commons/b/b4/Avenue_Roger_Vandendriessche_30%2C_Woluwe-Saint-Pierre.jpg?utm_source=commons.wikimedia.org&utm_campaign=imageinfo&utm_content=original,data/historical/commons/commons-avenue-roger-vandendriessche-30-woluwe-saint-pierre.jpg,9a3424441213a4c1cf79e595b111654dcab52ea8957478aacb199d0d24fad1c6,CC BY-SA 4.0,yes,Mélioratif,"Avenue Roger Vandendriessche 30, Woluwe-Saint-Pierre.jpg — Mélioratif (CC BY-SA 4.0); https://commons.wikimedia.org/wiki/File:Avenue_Roger_Vandendriessche_30%2C_Woluwe-Saint-Pierre.jpg",,,,,
commons-belgique-bruxelles-cinema-cameo-01,Belgique - Bruxelles - Cinéma Caméo - 01.jpg,https://monument.heritage.brussels/fr/Bruxelles_Pentagone/Rue_du_Fosse_aux_Loups/10/33528,Rue du Fossé aux Loups 10,facade,Belgique - Bruxelles - Cinéma Caméo - 01.jpg,https://commons.wikimedia.org/wiki/File:Belgique_-_Bruxelles_-_Cin%C3%A9ma_Cam%C3%A9o_-_01.jpg,https://upload.wikimedia.org/wikipedia/commons/4/4c/Belgique_-_Bruxelles_-_Cin%C3%A9ma_Cam%C3%A9o_-_01.jpg?utm_source=commons.wikimedia.org&utm_campaign=imageinfo&utm_content=original,data/historical/commons/commons-belgique-bruxelles-cinema-cameo-01.jpg,818a6b3615644c04719bdc8f91357d6f9cea31f8d2f5e0f4d6d637d99b4dc5ea,CC BY-SA 4.0,yes,EmDee,Belgique - Bruxelles - Cinéma Caméo - 01.jpg — EmDee (CC BY-SA 4.0); https://commons.wikimedia.org/wiki/File:Belgique_-_Bruxelles_-_Cin%C3%A9ma_Cam%C3%A9o_-_01.jpg,,,,,
commons-brussel-kolenmarkt-77,Brussel Kolenmarkt 77.jpg,https://monument.heritage.brussels/fr/Bruxelles_Pentagone/Rue_du_Marche_au_Charbon/77/31343,Rue du Marché au Charbon 77,facade,Brussel Kolenmarkt 77.jpg,https://commons.wikimedia.org/wiki/File:Brussel_Kolenmarkt_77.jpg,https://upload.wikimedia.org/wikipedia/commons/f/fe/Brussel_Kolenmarkt_77.jpg?utm_source=commons.wikimedia.org&utm_campaign=imageinfo&utm_content=original,data/historical/commons/commons-brussel-kolenmarkt-77.jpg,ac69b3b387a85e4291ae6330991c482ac82f7240b0187bcbf4ca8ea6528d560b,CC BY-SA 4.0,yes,Henxter,Brussel Kolenmarkt 77.jpg — Henxter (CC BY-SA 4.0); https://commons.wikimedia.org/wiki/File:Brussel_Kolenmarkt_77.jpg,,,,,
commons-bruxelles-23-quai-aux-pierres-de-taille,Bruxelles 23 Quai aux Pierres de Taille.jpg,https://monument.heritage.brussels/fr/Bruxelles_Pentagone/Quai_aux_Pierres_de_Taille/23/32871,Quai aux Pierres de Taille 23,detail,Bruxelles 23 Quai aux Pierres de Taille.jpg,https://commons.wikimedia.org/wiki/File:Bruxelles_23_Quai_aux_Pierres_de_Taille.jpg,https://upload.wikimedia.org/wikipedia/commons/f/f5/Bruxelles_23_Quai_aux_Pierres_de_Taille.jpg?utm_source=commons.wikimedia.org&utm_campaign=imageinfo&utm_content=original,data/historical/commons/commons-bruxelles-23-quai-aux-pierres-de-taille.jpg,2afa73b2259ddc86e26a580f293d7b28234f11004cef6061816e3b3a9222f28d,CC BY-SA 3.0,yes,Michel wal,Bruxelles 23 Quai aux Pierres de Taille.jpg — Michel wal (CC BY-SA 3.0); https://commons.wikimedia.org/wiki/File:Bruxelles_23_Quai_aux_Pierres_de_Taille.jpg,,,,,
commons-bruxelles-ensemble-de-maisons-traditionnelles-ecuyer,Bruxelles Ensemble de maisons traditionnelles Ecuyer.jpg,https://monument.heritage.brussels/fr/Bruxelles_Pentagone/Rue_de_l_Ecuyer/51/33482,Rue de l'Ecuyer 53,facade,Bruxelles Ensemble de maisons traditionnelles Ecuyer.jpg,https://commons.wikimedia.org/wiki/File:Bruxelles_Ensemble_de_maisons_traditionnelles_Ecuyer.jpg,https://upload.wikimedia.org/wikipedia/commons/5/55/Bruxelles_Ensemble_de_maisons_traditionnelles_Ecuyer.jpg?utm_source=commons.wikimedia.org&utm_campaign=imageinfo&utm_content=original,data/historical/commons/commons-bruxelles-ensemble-de-maisons-traditionnelles-ecuyer.jpg,f96bc4b1c11d66a9f05fd74dabdfab1723e20ad1e6e66b3bcbd54cdc2ebcd4ce,CC BY-SA 3.0,yes,Erlikk,Bruxelles Ensemble de maisons traditionnelles Ecuyer.jpg — Erlikk (CC BY-SA 3.0); https://commons.wikimedia.org/wiki/File:Bruxelles_Ensemble_de_maisons_traditionnelles_Ecuyer.jpg,,,,,
commons-bruxelles-rue-de-la-madeleine-29-1101,Bruxelles rue de la Madeleine 29 1101.jpg,https://monument.heritage.brussels/fr/Bruxelles_Pentagone/Rue_de_la_Madeleine/29/31311,Rue de la Madeleine 29,partial-facade,Bruxelles rue de la Madeleine 29 1101.jpg,https://commons.wikimedia.org/wiki/File:Bruxelles_rue_de_la_Madeleine_29_1101.jpg,https://upload.wikimedia.org/wikipedia/commons/e/eb/Bruxelles_rue_de_la_Madeleine_29_1101.jpg?utm_source=commons.wikimedia.org&utm_campaign=imageinfo&utm_content=original,data/historical/commons/commons-bruxelles-rue-de-la-madeleine-29-1101.jpg,b11b4250f2bd2ad92d3d79239253b33bad2f52a53dd979c4e66c62c5ac5fd498,CC BY-SA 3.0,yes,Michel wal,Bruxelles rue de la Madeleine 29 1101.jpg — Michel wal (CC BY-SA 3.0); https://commons.wikimedia.org/wiki/File:Bruxelles_rue_de_la_Madeleine_29_1101.jpg,,,,,
commons-bruxelles-rue-de-pavie-32,BRUXELLES-rue de pavie 32.jpg,https://monument.heritage.brussels/fr/Bruxelles_Extension_Est/Rue_de_Pavie/32/18357,Rue de Pavie 32,facade,BRUXELLES-rue de pavie 32.jpg,https://commons.wikimedia.org/wiki/File:BRUXELLES-rue_de_pavie_32.jpg,https://upload.wikimedia.org/wikipedia/commons/4/46/BRUXELLES-rue_de_pavie_32.jpg?utm_source=commons.wikimedia.org&utm_campaign=imageinfo&utm_content=original,data/historical/commons/commons-bruxelles-rue-de-pavie-32.jpg,acf5290cfa913982e866f21ae228fc64d986e18bf45e54fb440766aa435c550e,CC BY-SA 4.0,yes,Leroypy,BRUXELLES-rue de pavie 32.jpg — Leroypy (CC BY-SA 4.0); https://commons.wikimedia.org/wiki/File:BRUXELLES-rue_de_pavie_32.jpg,,,,,
commons-bruxelles-rue-des-chapeliers-40-901,Bruxelles rue des Chapeliers 40 901.jpg,https://monument.heritage.brussels/fr/Bruxelles_Pentagone/Rue_des_Chapeliers/40/30927,Rue des Chapeliers 40,partial-facade,Bruxelles rue des Chapeliers 40 901.jpg,https://commons.wikimedia.org/wiki/File:Bruxelles_rue_des_Chapeliers_40_901.jpg,https://upload.wikimedia.org/wikipedia/commons/c/c8/Bruxelles_rue_des_Chapeliers_40_901.jpg?utm_source=commons.wikimedia.org&utm_campaign=imageinfo&utm_content=original,data/historical/commons/commons-bruxelles-rue-des-chapeliers-40-901.jpg,27d36709d7cfc33535f741e4ab1c64c918419c6299b290014c39a8bfa3f6aebe,CC BY-SA 3.0,yes,Michel wal,Bruxelles rue des Chapeliers 40 901.jpg — Michel wal (CC BY-SA 3.0); https://commons.wikimedia.org/wiki/File:Bruxelles_rue_des_Chapeliers_40_901.jpg,,,,,
commons-bruxelles-rue-des-chapeliers-40-902,Bruxelles rue des Chapeliers 40 902.jpg,https://monument.heritage.brussels/fr/Bruxelles_Pentagone/Rue_des_Chapeliers/40/30927,Rue des Chapeliers 40,detail,Bruxelles rue des Chapeliers 40 902.jpg,https://commons.wikimedia.org/wiki/File:Bruxelles_rue_des_Chapeliers_40_902.jpg,https://upload.wikimedia.org/wikipedia/commons/e/ef/Bruxelles_rue_des_Chapeliers_40_902.jpg?utm_source=commons.wikimedia.org&utm_campaign=imageinfo&utm_content=original,data/historical/commons/commons-bruxelles-rue-des-chapeliers-40-902.jpg,d4714727d89ebd7d52a2578b57e0fcb44521be004e908d2cb4a1ff891e44bfdd,CC BY-SA 3.0,yes,Michel wal,Bruxelles rue des Chapeliers 40 902.jpg — Michel wal (CC BY-SA 3.0); https://commons.wikimedia.org/wiki/File:Bruxelles_rue_des_Chapeliers_40_902.jpg,,,,,
commons-bruxelles-rue-des-sables-33-1001,Bruxelles rue des Sables 33 1001.jpg,https://monument.heritage.brussels/fr/Bruxelles_Pentagone/Rue_des_Sables/33/33800,Rue des Sables 33,facade,Bruxelles rue des Sables 33 1001.jpg,https://commons.wikimedia.org/wiki/File:Bruxelles_rue_des_Sables_33_1001.jpg,https://upload.wikimedia.org/wikipedia/commons/1/1c/Bruxelles_rue_des_Sables_33_1001.jpg?utm_source=commons.wikimedia.org&utm_campaign=imageinfo&utm_content=original,data/historical/commons/commons-bruxelles-rue-des-sables-33-1001.jpg,841dcbef9215b801f5ff8ff3eb885b5566ede9df87c5f981eda7edf755a3a1ce,CC BY-SA 3.0,yes,Michel wal,Bruxelles rue des Sables 33 1001.jpg — Michel wal (CC BY-SA 3.0); https://commons.wikimedia.org/wiki/File:Bruxelles_rue_des_Sables_33_1001.jpg,,,,,
commons-bxlstreet15,Bxlstreet15.jpg,https://monument.heritage.brussels/fr/Bruxelles_Pentagone/Rue_du_Marche_au_Charbon/42/31327,Rue du Marché au Charbon 42,facade,Bxlstreet15.jpg,https://commons.wikimedia.org/wiki/File:Bxlstreet15.jpg,https://upload.wikimedia.org/wikipedia/commons/1/17/Bxlstreet15.jpg?utm_source=commons.wikimedia.org&utm_campaign=imageinfo&utm_content=original,data/historical/commons/commons-bxlstreet15.jpg,8b8dbf3615deaed86911e10c41a1b05e84301957acf712e035a8d86d3dbcd97f,CC0,no,Karmakolle,Bxlstreet15.jpg — Karmakolle (CC0); https://commons.wikimedia.org/wiki/File:Bxlstreet15.jpg,,,,,
commons-couvent-des-s-urs-de-l-eucharistie-avenue-leopold-wiener-18-34-avenue-des-hannet,Couvent des Sœurs de l Eucharistie Avenue Leopold Wiener 18 34 Avenue des Hannetons.jpg,https://monument.heritage.brussels/fr/Watermael-Boitsfort/Avenue_Leopold_Wiener/34/26573,Avenue Léopold Wiener 34,facade,Couvent des Sœurs de l Eucharistie Avenue Leopold Wiener 18 34 Avenue des Hannetons.jpg,https://commons.wikimedia.org/wiki/File:Couvent_des_S%C5%93urs_de_l_Eucharistie_Avenue_Leopold_Wiener_18_34_Avenue_des_Hannetons.jpg,https://upload.wikimedia.org/wikipedia/commons/9/91/Couvent_des_S%C5%93urs_de_l_Eucharistie_Avenue_Leopold_Wiener_18_34_Avenue_des_Hannetons.jpg?utm_source=commons.wikimedia.org&utm_campaign=imageinfo&utm_content=original,data/historical/commons/commons-couvent-des-s-urs-de-l-eucharistie-avenue-leopold-wiener-18-34-avenue-des-hannet.jpg,a1df060a8be02afa42155d0f8fad440251606ec96077d720883ab83439036cda,CC BY-SA 4.0,yes,Mélioratif,Couvent des Sœurs de l Eucharistie Avenue Leopold Wiener 18 34 Avenue des Hannetons.jpg — Mélioratif (CC BY-SA 4.0); https://commons.wikimedia.org/wiki/File:Couvent_des_S%C5%93urs_de_l_Eucharistie_Avenue_Leopold_Wiener_18_34_Avenue_des_Hannetons.jpg,,,,,
commons-ensemble-de-trois-immeubles-art-nouveau-avenue-brugmann-176-178-avenue-moliere-b,Ensemble de trois immeubles Art nouveau Avenue Brugmann 176 178 Avenue Molière Bruxelles Avenue Molière 177 179.jpg,https://monument.heritage.brussels/fr/Ixelles/Avenue_Moliaere/176/17107,Avenue Molière 176,facade,Ensemble de trois immeubles Art nouveau Avenue Brugmann 176 178 Avenue Molière Bruxelles Avenue Molière 177 179.jpg,https://commons.wikimedia.org/wiki/File:Ensemble_de_trois_immeubles_Art_nouveau_Avenue_Brugmann_176_178_Avenue_Moli%C3%A8re_Bruxelles_Avenue_Moli%C3%A8re_177_179.jpg,https://upload.wikimedia.org/wikipedia/commons/6/68/Ensemble_de_trois_immeubles_Art_nouveau_Avenue_Brugmann_176_178_Avenue_Moli%C3%A8re_Bruxelles_Avenue_Moli%C3%A8re_177_179.jpg?utm_source=commons.wikimedia.org&utm_campaign=imageinfo&utm_content=original,data/historical/commons/commons-ensemble-de-trois-immeubles-art-nouveau-avenue-brugmann-176-178-avenue-moliere-b.jpg,9a510f234881cb676f29411791dbab0e28ba050d5aaeb2ff954c5014fa0a8ad5,CC BY-SA 4.0,yes,Mélioratif,Ensemble de trois immeubles Art nouveau Avenue Brugmann 176 178 Avenue Molière Bruxelles Avenue Molière 177 179.jpg — Mélioratif (CC BY-SA 4.0); https://commons.wikimedia.org/wiki/File:Ensemble_de_trois_immeubles_Art_nouveau_Avenue_Brugmann_176_178_Avenue_Moli%C3%A8re_Bruxelles_Avenue_Moli%C3%A8re_177_179.jpg,,,,,
commons-facade-maison-n-20-rue-du-bourgmestre,Façade maison n°20 rue du Bourgmestre.jpg,https://monument.heritage.brussels/fr/Ixelles/Rue_du_Bourgmestre/20/21452,Rue du Bourgmestre 20,facade,Façade maison n°20 rue du Bourgmestre.jpg,https://commons.wikimedia.org/wiki/File:Fa%C3%A7ade_maison_n%C2%B020_rue_du_Bourgmestre.jpg,https://upload.wikimedia.org/wikipedia/commons/7/73/Fa%C3%A7ade_maison_n%C2%B020_rue_du_Bourgmestre.jpg?utm_source=commons.wikimedia.org&utm_campaign=imageinfo&utm_content=original,data/historical/commons/commons-facade-maison-n-20-rue-du-bourgmestre.jpg,d8081f5135d3d1370591492846f85855a81e21903606232e428de62ac39f36fc,CC BY-SA 4.0,yes,Ghomard,Façade maison n°20 rue du Bourgmestre.jpg — Ghomard (CC BY-SA 4.0); https://commons.wikimedia.org/wiki/File:Fa%C3%A7ade_maison_n%C2%B020_rue_du_Bourgmestre.jpg,,,,,
commons-grand-sablon-40-petite-rue-des-minimes-2-4-brussels,Grand Sablon 40- Petite rue des Minimes 2-4 Brussels.jpg,https://monument.heritage.brussels/fr/Bruxelles_Pentagone/Place_du_Grand_Sablon/44/30195,Rue des Minimes 2,facade,Grand Sablon 40- Petite rue des Minimes 2-4 Brussels.jpg,https://commons.wikimedia.org/wiki/File:Grand_Sablon_40-_Petite_rue_des_Minimes_2-4_Brussels.jpg,https://upload.wikimedia.org/wikipedia/commons/5/57/Grand_Sablon_40-_Petite_rue_des_Minimes_2-4_Brussels.jpg?utm_source=commons.wikimedia.org&utm_campaign=imageinfo&utm_content=original,data/historical/commons/commons-grand-sablon-40-petite-rue-des-minimes-2-4-brussels.jpg,6218298fa79bf34c0553362231343eca2b3f3cdc5a2b2ee104c41f22306c65a9,CC BY-SA 3.0,yes,Zinneke,Grand Sablon 40- Petite rue des Minimes 2-4 Brussels.jpg — Zinneke (CC BY-SA 3.0); https://commons.wikimedia.org/wiki/File:Grand_Sablon_40-_Petite_rue_des_Minimes_2-4_Brussels.jpg,,,,,
commons-immeuble-a-appartements-maison-personnelle-et-bureau-de-l-architecte-adrien-blom,Immeuble à appartements maison personnelle et bureau de l architecte Adrien Blomme Avenue Antoine Depage 1 Avenue Franklin Roosevelt 52.jpg,https://monument.heritage.brussels/fr/Bruxelles_Extension_Sud/Avenue_Franklin_Roosevelt/1/16104,Avenue Franklin Roosevelt 1,facade,Immeuble à appartements maison personnelle et bureau de l architecte Adrien Blomme Avenue Antoine Depage 1 Avenue Franklin Roosevelt 52.jpg,https://commons.wikimedia.org/wiki/File:Immeuble_%C3%A0_appartements_maison_personnelle_et_bureau_de_l_architecte_Adrien_Blomme_Avenue_Antoine_Depage_1_Avenue_Franklin_Roosevelt_52.jpg,https://upload.wikimedia.org/wikipedia/commons/4/41/Immeuble_%C3%A0_appartements_maison_personnelle_et_bureau_de_l_architecte_Adrien_Blomme_Avenue_Antoine_Depage_1_Avenue_Franklin_Roosevelt_52.jpg?utm_source=commons.wikimedia.org&utm_campaign=imageinfo&utm_content=original,data/historical/commons/commons-immeuble-a-appartements-maison-personnelle-et-bureau-de-l-architecte-adrien-blom.jpg,53ea8d2322cffaee32a9eb974009dbf222a7811508fadc90bfb7c4d6a4248c52,CC BY-SA 4.0,yes,Mélioratif,Immeuble à appartements maison personnelle et bureau de l architecte Adrien Blomme Avenue Antoine Depage 1 Avenue Franklin Roosevelt 52.jpg — Mélioratif (CC BY-SA 4.0); https://commons.wikimedia.org/wiki/File:Immeuble_%C3%A0_appartements_maison_personnelle_et_bureau_de_l_architecte_Adrien_Blomme_Avenue_Antoine_Depage_1_Avenue_Franklin_Roosevelt_52.jpg,,,,,
commons-ixelles-avenue-emile-duray-58,Ixelles avenue Emile-Duray 58.jpg,https://monument.heritage.brussels/fr/Ixelles/Avenue_Emile_Duray/58/21568,Avenue Émile Duray 58,facade,Ixelles avenue Emile-Duray 58.jpg,https://commons.wikimedia.org/wiki/File:Ixelles_avenue_Emile-Duray_58.jpg,https://upload.wikimedia.org/wikipedia/commons/7/78/Ixelles_avenue_Emile-Duray_58.jpg?utm_source=commons.wikimedia.org&utm_campaign=imageinfo&utm_content=original,data/historical/commons/commons-ixelles-avenue-emile-duray-58.jpg,8313665f617ac3ce5f70bd959fbafe6db8141e54e757af6bf80a6154349d62bf,CC BY-SA 3.0,yes,Michel wal,Ixelles avenue Emile-Duray 58.jpg — Michel wal (CC BY-SA 3.0); https://commons.wikimedia.org/wiki/File:Ixelles_avenue_Emile-Duray_58.jpg,,,,,
commons-jozef-ii-straat-34-neoclassicistisch-huis,JOZEF II-STRAAT 34 - Neoclassicistisch huis.jpeg,https://monument.heritage.brussels/fr/Bruxelles_Extension_Est/Rue_Joseph_II/34/38187,Rue Joseph II 34,facade,JOZEF II-STRAAT 34 - Neoclassicistisch huis.jpeg,https://commons.wikimedia.org/wiki/File:JOZEF_II-STRAAT_34_-_Neoclassicistisch_huis.jpeg,https://upload.wikimedia.org/wikipedia/commons/5/56/JOZEF_II-STRAAT_34_-_Neoclassicistisch_huis.jpeg?utm_source=commons.wikimedia.org&utm_campaign=imageinfo&utm_content=original,data/historical/commons/commons-jozef-ii-straat-34-neoclassicistisch-huis.jpg,151e117d76363f6bf74d4651b489085444e91002fe28feba331285bdfe8767ed,CC BY-SA 3.0,yes,Rroemers,JOZEF II-STRAAT 34 - Neoclassicistisch huis.jpeg — Rroemers (CC BY-SA 3.0); https://commons.wikimedia.org/wiki/File:JOZEF_II-STRAAT_34_-_Neoclassicistisch_huis.jpeg,,,,,
commons-koekelberg-avenue-des-gloires-nationales-landsroemlaan-15-2024-12-01,Koekelberg - Avenue des Gloires Nationales-Landsroemlaan 15 - 2024-12-01.jpg,https://monument.heritage.brussels/fr/Koekelberg/Avenue_des_Gloires_Nationales/15/35499,Avenue des Gloires Nationales 15,facade,Koekelberg - Avenue des Gloires Nationales-Landsroemlaan 15 - 2024-12-01.jpg,https://commons.wikimedia.org/wiki/File:Koekelberg_-_Avenue_des_Gloires_Nationales-Landsroemlaan_15_-_2024-12-01.jpg,https://upload.wikimedia.org/wikipedia/commons/3/3c/Koekelberg_-_Avenue_des_Gloires_Nationales-Landsroemlaan_15_-_2024-12-01.jpg?utm_source=commons.wikimedia.org&utm_campaign=imageinfo&utm_content=original,data/historical/commons/commons-koekelberg-avenue-des-gloires-nationales-landsroemlaan-15-2024-12-01.jpg,4adeeffe2564bb420fa8ead188d4c3bbc4f614b51e242aa03ebb1705a006b7fe,CC BY 4.0,no,Sjenghai,Koekelberg - Avenue des Gloires Nationales-Landsroemlaan 15 - 2024-12-01.jpg — Sjenghai (CC BY 4.0); https://commons.wikimedia.org/wiki/File:Koekelberg_-_Avenue_des_Gloires_Nationales-Landsroemlaan_15_-_2024-12-01.jpg,,,,,
commons-kolenmarkt-62-tot-66-brussel-12-4-2018-13-40-45,Kolenmarkt 62 tot 66 Brussel 12-4-2018 13-40-45.JPG,https://monument.heritage.brussels/fr/Bruxelles_Pentagone/Rue_du_Marche_au_Charbon/62/31333; https://monument.heritage.brussels/fr/Bruxelles_Pentagone/Rue_du_Marche_au_Charbon/66/31337,Rue du Marché au Charbon 62; Rue du Marché au Charbon 66,facade,Kolenmarkt 62 tot 66 Brussel 12-4-2018 13-40-45.JPG,https://commons.wikimedia.org/wiki/File:Kolenmarkt_62_tot_66_Brussel_12-4-2018_13-40-45.JPG,https://upload.wikimedia.org/wikipedia/commons/d/d0/Kolenmarkt_62_tot_66_Brussel_12-4-2018_13-40-45.JPG?utm_source=commons.wikimedia.org&utm_campaign=imageinfo&utm_content=original,data/historical/commons/commons-kolenmarkt-62-tot-66-brussel-12-4-2018-13-40-45.jpg,c0bee908a43cb4ebf83d9a3e36e21984b2839c5804a98c50047d53450c0cda4a,CC0,no,Paul Hermans,Kolenmarkt 62 tot 66 Brussel 12-4-2018 13-40-45.JPG — Paul Hermans (CC0); https://commons.wikimedia.org/wiki/File:Kolenmarkt_62_tot_66_Brussel_12-4-2018_13-40-45.JPG,,,,,
commons-laeken-laken-avenue-houba-de-strooperlaan-188-2025-09-27,Laeken-Laken - Avenue Houba de Strooperlaan 188 - 2025-09-27.jpg,https://monument.heritage.brussels/fr/Bruxelles_Laeken/Avenue_Houba_de_Strooper/188/38417,Avenue Houba de Strooper 188,facade,Laeken-Laken - Avenue Houba de Strooperlaan 188 - 2025-09-27.jpg,https://commons.wikimedia.org/wiki/File:Laeken-Laken_-_Avenue_Houba_de_Strooperlaan_188_-_2025-09-27.jpg,https://upload.wikimedia.org/wikipedia/commons/5/57/Laeken-Laken_-_Avenue_Houba_de_Strooperlaan_188_-_2025-09-27.jpg?utm_source=commons.wikimedia.org&utm_campaign=imageinfo&utm_content=original,data/historical/commons/commons-laeken-laken-avenue-houba-de-strooperlaan-188-2025-09-27.jpg,28742b4a598773817c9401f488deaa6c61b7eb5cbc8cfe6dde35268a9d51c505,CC BY-SA 4.0,yes,Sjenghai,Laeken-Laken - Avenue Houba de Strooperlaan 188 - 2025-09-27.jpg — Sjenghai (CC BY-SA 4.0); https://commons.wikimedia.org/wiki/File:Laeken-Laken_-_Avenue_Houba_de_Strooperlaan_188_-_2025-09-27.jpg,,,,,
commons-logements-sociaux-du-foyer-laekenois-bruxelles-rue-fineau-0-rue-fransman-94-2013,Logements sociaux du Foyer Laekenois Bruxelles - rue Fineau 0 rue Fransman 94 2013-08 --1.JPG,https://monument.heritage.brussels/fr/Bruxelles_Laeken/Rue_Fransman/1/38338,Rue Fransman 1,detail,Logements sociaux du Foyer Laekenois Bruxelles - rue Fineau 0 rue Fransman 94 2013-08 --1.JPG,https://commons.wikimedia.org/wiki/File:Logements_sociaux_du_Foyer_Laekenois_Bruxelles_-_rue_Fineau_0_rue_Fransman_94_2013-08_--1.JPG,https://upload.wikimedia.org/wikipedia/commons/b/bc/Logements_sociaux_du_Foyer_Laekenois_Bruxelles_-_rue_Fineau_0_rue_Fransman_94_2013-08_--1.JPG?utm_source=commons.wikimedia.org&utm_campaign=imageinfo&utm_content=original,data/historical/commons/commons-logements-sociaux-du-foyer-laekenois-bruxelles-rue-fineau-0-rue-fransman-94-2013.jpg,4bbc0001ce86d53e25c99d413d0215a298d6c9acee041b86702d4d14f974510c,CC BY-SA 3.0,yes,Zinneke,Logements sociaux du Foyer Laekenois Bruxelles - rue Fineau 0 rue Fransman 94 2013-08 --1.JPG — Zinneke (CC BY-SA 3.0); https://commons.wikimedia.org/wiki/File:Logements_sociaux_du_Foyer_Laekenois_Bruxelles_-_rue_Fineau_0_rue_Fransman_94_2013-08_--1.JPG,,,,,
commons-parlamentarium-parlement-europeen-je-suis-nice,Parlamentarium - Parlement européen - Je suis Nice.jpg,https://monument.heritage.brussels/fr/Bruxelles_Extension_Est/Rue_Wiertz/43/41812,Rue Wiertz 60,facade,Parlamentarium - Parlement européen - Je suis Nice.jpg,https://commons.wikimedia.org/wiki/File:Parlamentarium_-_Parlement_europ%C3%A9en_-_Je_suis_Nice.jpg,https://upload.wikimedia.org/wikipedia/commons/6/60/Parlamentarium_-_Parlement_europ%C3%A9en_-_Je_suis_Nice.jpg?utm_source=commons.wikimedia.org&utm_campaign=imageinfo&utm_content=original,data/historical/commons/commons-parlamentarium-parlement-europeen-je-suis-nice.jpg,9df9c1ba2a90834dc380ec33612f8b767fdcfb6b475006eae636caec4c28b720,CC BY-SA 3.0,yes,LeJC,Parlamentarium - Parlement européen - Je suis Nice.jpg — LeJC (CC BY-SA 3.0); https://commons.wikimedia.org/wiki/File:Parlamentarium_-_Parlement_europ%C3%A9en_-_Je_suis_Nice.jpg,,,,,
commons-place-louis-morichar-41-42-43-saint-gilles,"Place Louis Morichar 41 & 42-43, Saint-Gilles.jpg",https://monument.heritage.brussels/fr/Saint-Gilles/Place_Louis_Morichar/43/6025,Place Louis Morichar 42,facade,"Place Louis Morichar 41 & 42-43, Saint-Gilles.jpg",https://commons.wikimedia.org/wiki/File:Place_Louis_Morichar_41_%26_42-43%2C_Saint-Gilles.jpg,https://upload.wikimedia.org/wikipedia/commons/5/58/Place_Louis_Morichar_41_%26_42-43%2C_Saint-Gilles.jpg?utm_source=commons.wikimedia.org&utm_campaign=imageinfo&utm_content=original,data/historical/commons/commons-place-louis-morichar-41-42-43-saint-gilles.jpg,94e2d36f344ba2049f0213323376fb68d912f8f7fb97f1e309e5227544b1b444,CC BY-SA 4.0,yes,Mélioratif,"Place Louis Morichar 41 & 42-43, Saint-Gilles.jpg — Mélioratif (CC BY-SA 4.0); https://commons.wikimedia.org/wiki/File:Place_Louis_Morichar_41_%26_42-43%2C_Saint-Gilles.jpg",,,,,
commons-r-rue-des-fabriques-32-maison-architecte-eugene-van-dievoet-1923,"R. rue des Fabriques, 32, Maison, architecte EUGENE VAN DIEVOET, 1923..JPG",https://monument.heritage.brussels/fr/Bruxelles_Pentagone/Rue_des_Fabriques/32/32449,Rue des Fabriques 32,facade,"R. rue des Fabriques, 32, Maison, architecte EUGENE VAN DIEVOET, 1923..JPG",https://commons.wikimedia.org/wiki/File:R._rue_des_Fabriques%2C_32%2C_Maison%2C_architecte_EUGENE_VAN_DIEVOET%2C_1923..JPG,https://upload.wikimedia.org/wikipedia/commons/2/26/R._rue_des_Fabriques%2C_32%2C_Maison%2C_architecte_EUGENE_VAN_DIEVOET%2C_1923..JPG?utm_source=commons.wikimedia.org&utm_campaign=imageinfo&utm_content=original,data/historical/commons/commons-r-rue-des-fabriques-32-maison-architecte-eugene-van-dievoet-1923.jpg,a5c208f3060f6ef8e55966f0664e38f9359dbc049fc50bf3763c5482c67ac364,Public domain,no,cliché personnel,"R. rue des Fabriques, 32, Maison, architecte EUGENE VAN DIEVOET, 1923..JPG — cliché personnel (Public domain); https://commons.wikimedia.org/wiki/File:R._rue_des_Fabriques%2C_32%2C_Maison%2C_architecte_EUGENE_VAN_DIEVOET%2C_1923..JPG",,,,,
commons-rue-de-livourne-136-brussels-belgium-dsc07876,"Rue de livourne 136 - Brussels, Belgium - DSC07876.jpg",https://monument.heritage.brussels/fr/Bruxelles_Extension_Sud/Rue_de_Livourne/136/15944,Rue de Livourne 136,facade,"Rue de livourne 136 - Brussels, Belgium - DSC07876.jpg",https://commons.wikimedia.org/wiki/File:Rue_de_livourne_136_-_Brussels%2C_Belgium_-_DSC07876.jpg,https://upload.wikimedia.org/wikipedia/commons/0/0d/Rue_de_livourne_136_-_Brussels%2C_Belgium_-_DSC07876.jpg?utm_source=commons.wikimedia.org&utm_campaign=imageinfo&utm_content=original,data/historical/commons/commons-rue-de-livourne-136-brussels-belgium-dsc07876.jpg,ef954320121e4a3e625c7db8a2467f0b03254a66eae204098dc2b243f83903ea,CC0,no,Daderot,"Rue de livourne 136 - Brussels, Belgium - DSC07876.jpg — Daderot (CC0); https://commons.wikimedia.org/wiki/File:Rue_de_livourne_136_-_Brussels%2C_Belgium_-_DSC07876.jpg",,,,,
commons-rue-vilain-xiiii-22,"Rue Vilain XIIII, 22.jpg",https://monument.heritage.brussels/fr/Bruxelles_Extension_Sud/Rue_Vilain_XIIII/22/16272,Rue Vilain XIIII 22,facade,"Rue Vilain XIIII, 22.jpg",https://commons.wikimedia.org/wiki/File:Rue_Vilain_XIIII%2C_22.jpg,https://upload.wikimedia.org/wikipedia/commons/b/bb/Rue_Vilain_XIIII%2C_22.jpg?utm_source=commons.wikimedia.org&utm_campaign=imageinfo&utm_content=original,data/historical/commons/commons-rue-vilain-xiiii-22.jpg,0dfcb8d079c0a46050167837a4a6780969a20d2067bfbda674db92da1145b639,CC BY-SA 4.0,yes,GdML,"Rue Vilain XIIII, 22.jpg — GdML (CC BY-SA 4.0); https://commons.wikimedia.org/wiki/File:Rue_Vilain_XIIII%2C_22.jpg",,,,,
commons-saint-gilles-sint-gillis-chaussee-de-charleroi-charleroise-steenweg-228-2024-12-,Saint Gilles-Sint Gillis - Chaussée de Charleroi-Charleroise Steenweg 228 - 2024-12-13.jpg,https://monument.heritage.brussels/fr/Saint-Gilles/Chaussee_de_Charleroi/228/1913,Chaussée de Charleroi 228,facade,Saint Gilles-Sint Gillis - Chaussée de Charleroi-Charleroise Steenweg 228 - 2024-12-13.jpg,https://commons.wikimedia.org/wiki/File:Saint_Gilles-Sint_Gillis_-_Chauss%C3%A9e_de_Charleroi-Charleroise_Steenweg_228_-_2024-12-13.jpg,https://upload.wikimedia.org/wikipedia/commons/2/25/Saint_Gilles-Sint_Gillis_-_Chauss%C3%A9e_de_Charleroi-Charleroise_Steenweg_228_-_2024-12-13.jpg?utm_source=commons.wikimedia.org&utm_campaign=imageinfo&utm_content=original,data/historical/commons/commons-saint-gilles-sint-gillis-chaussee-de-charleroi-charleroise-steenweg-228-2024-12-.jpg,fee8a2319f8cfcff306044d58a5d33b5d86dd98a5cbda4010bd4062400d19048,CC BY-SA 4.0,yes,Sjenghai,Saint Gilles-Sint Gillis - Chaussée de Charleroi-Charleroise Steenweg 228 - 2024-12-13.jpg — Sjenghai (CC BY-SA 4.0); https://commons.wikimedia.org/wiki/File:Saint_Gilles-Sint_Gillis_-_Chauss%C3%A9e_de_Charleroi-Charleroise_Steenweg_228_-_2024-12-13.jpg,,,,,
commons-sj-molenbeek-sj-avenue-joseph-baecklaan-60-66-2025-08-06,SJ-Molenbeek-SJ - Avenue Joseph Baecklaan 60-66 - 2025-08-06.jpg,https://monument.heritage.brussels/fr/Molenbeek-Saint-Jean/Avenue_Joseph_Baeck/60/34394,Avenue Joseph Baeck 66,facade,SJ-Molenbeek-SJ - Avenue Joseph Baecklaan 60-66 - 2025-08-06.jpg,https://commons.wikimedia.org/wiki/File:SJ-Molenbeek-SJ_-_Avenue_Joseph_Baecklaan_60-66_-_2025-08-06.jpg,https://upload.wikimedia.org/wikipedia/commons/8/86/SJ-Molenbeek-SJ_-_Avenue_Joseph_Baecklaan_60-66_-_2025-08-06.jpg?utm_source=commons.wikimedia.org&utm_campaign=imageinfo&utm_content=original,data/historical/commons/commons-sj-molenbeek-sj-avenue-joseph-baecklaan-60-66-2025-08-06.jpg,3ca318b07ac1bc8257be28e445ca894962e0282c76235f2da3ac8f7d5e456523,CC BY-SA 4.0,yes,Sjenghai,SJ-Molenbeek-SJ - Avenue Joseph Baecklaan 60-66 - 2025-08-06.jpg — Sjenghai (CC BY-SA 4.0); https://commons.wikimedia.org/wiki/File:SJ-Molenbeek-SJ_-_Avenue_Joseph_Baecklaan_60-66_-_2025-08-06.jpg,,,,,
commons-uccle-ukkel-avenue-brugmann-brugmannlaan-351-353-2024-11-30,Uccle-Ukkel - Avenue Brugmann-Brugmannlaan 351 & 353 - 2024-11-30.jpg,https://monument.heritage.brussels/fr/Uccle/Avenue_Brugmann/351/26898,Avenue Brugmann 351,facade,Uccle-Ukkel - Avenue Brugmann-Brugmannlaan 351 & 353 - 2024-11-30.jpg,https://commons.wikimedia.org/wiki/File:Uccle-Ukkel_-_Avenue_Brugmann-Brugmannlaan_351_%26_353_-_2024-11-30.jpg,https://upload.wikimedia.org/wikipedia/commons/5/58/Uccle-Ukkel_-_Avenue_Brugmann-Brugmannlaan_351_%26_353_-_2024-11-30.jpg?utm_source=commons.wikimedia.org&utm_campaign=imageinfo&utm_content=original,data/historical/commons/commons-uccle-ukkel-avenue-brugmann-brugmannlaan-351-353-2024-11-30.jpg,40fb9902ef411a78fb7e40274000111ef86127cec126be5e94f9023ad3058110,CC BY 4.0,no,Sjenghai,Uccle-Ukkel - Avenue Brugmann-Brugmannlaan 351 & 353 - 2024-11-30.jpg — Sjenghai (CC BY 4.0); https://commons.wikimedia.org/wiki/File:Uccle-Ukkel_-_Avenue_Brugmann-Brugmannlaan_351_%26_353_-_2024-11-30.jpg,,,,,
commons-uccle-ukkel-avenue-brugmann-brugmannlaan-374-2024-11-30,Uccle-Ukkel - Avenue Brugmann-Brugmannlaan 374 - 2024-11-30.jpg,https://monument.heritage.brussels/fr/Uccle/Avenue_Brugmann/374/26910,Avenue Brugmann 374,facade,Uccle-Ukkel - Avenue Brugmann-Brugmannlaan 374 - 2024-11-30.jpg,https://commons.wikimedia.org/wiki/File:Uccle-Ukkel_-_Avenue_Brugmann-Brugmannlaan_374_-_2024-11-30.jpg,https://upload.wikimedia.org/wikipedia/commons/3/3f/Uccle-Ukkel_-_Avenue_Brugmann-Brugmannlaan_374_-_2024-11-30.jpg?utm_source=commons.wikimedia.org&utm_campaign=imageinfo&utm_content=original,data/historical/commons/commons-uccle-ukkel-avenue-brugmann-brugmannlaan-374-2024-11-30.jpg,4992a23a4f751c5af06fe6054a9f14f081851f35114fb25057fb1922e91c1565,CC BY 4.0,no,Sjenghai,Uccle-Ukkel - Avenue Brugmann-Brugmannlaan 374 - 2024-11-30.jpg — Sjenghai (CC BY 4.0); https://commons.wikimedia.org/wiki/File:Uccle-Ukkel_-_Avenue_Brugmann-Brugmannlaan_374_-_2024-11-30.jpg,,,,,
commons-uccle-ukkel-avenue-brugmann-brugmannlaan-491-2025-09-13,Uccle-Ukkel - Avenue Brugmann-Brugmannlaan 491 - 2025-09-13.jpg,https://monument.heritage.brussels/fr/Uccle/Avenue_Brugmann/491/26959,Avenue Brugmann 491,facade,Uccle-Ukkel - Avenue Brugmann-Brugmannlaan 491 - 2025-09-13.jpg,https://commons.wikimedia.org/wiki/File:Uccle-Ukkel_-_Avenue_Brugmann-Brugmannlaan_491_-_2025-09-13.jpg,https://upload.wikimedia.org/wikipedia/commons/7/70/Uccle-Ukkel_-_Avenue_Brugmann-Brugmannlaan_491_-_2025-09-13.jpg?utm_source=commons.wikimedia.org&utm_campaign=imageinfo&utm_content=original,data/historical/commons/commons-uccle-ukkel-avenue-brugmann-brugmannlaan-491-2025-09-13.jpg,7dec7e5d63b420fc64c74657bc46629b5f139beb50a81b72ab4d95009d0eb572,CC BY-SA 4.0,yes,Sjenghai,Uccle-Ukkel - Avenue Brugmann-Brugmannlaan 491 - 2025-09-13.jpg — Sjenghai (CC BY-SA 4.0); https://commons.wikimedia.org/wiki/File:Uccle-Ukkel_-_Avenue_Brugmann-Brugmannlaan_491_-_2025-09-13.jpg,,,,,
commons-uccle-ukkel-avenue-de-sumatra-sumatralaan-23-2020-04,Uccle-Ukkel - Avenue de Sumatra-Sumatralaan 23 - 2020-04.jpg,https://monument.heritage.brussels/fr/Uccle/Avenue_de_Sumatra/23/27996,Avenue de Sumatra 23,facade,Uccle-Ukkel - Avenue de Sumatra-Sumatralaan 23 - 2020-04.jpg,https://commons.wikimedia.org/wiki/File:Uccle-Ukkel_-_Avenue_de_Sumatra-Sumatralaan_23_-_2020-04.jpg,https://upload.wikimedia.org/wikipedia/commons/d/d0/Uccle-Ukkel_-_Avenue_de_Sumatra-Sumatralaan_23_-_2020-04.jpg?utm_source=commons.wikimedia.org&utm_campaign=imageinfo&utm_content=original,data/historical/commons/commons-uccle-ukkel-avenue-de-sumatra-sumatralaan-23-2020-04.jpg,a572a2c0a946bbefb1c9d963a5e6c4791de3d78c0382a455339a8fe985772d0d,CC BY-SA 4.0,yes,Sjenghai,Uccle-Ukkel - Avenue de Sumatra-Sumatralaan 23 - 2020-04.jpg — Sjenghai (CC BY-SA 4.0); https://commons.wikimedia.org/wiki/File:Uccle-Ukkel_-_Avenue_de_Sumatra-Sumatralaan_23_-_2020-04.jpg,,,,,
commons-ville-bru-stad-rue-d-arlon-aarlenstraat-53-2025-02-28-renovation-verbouwing,Ville-BRU-Stad - Rue d'Arlon-Aarlenstraat 53 - 2025-02-28 - rénovation-verbouwing.jpg,https://monument.heritage.brussels/fr/Bruxelles_Extension_Est/Rue_d_Arlon/53/38101,Rue d'Arlon 53,facade,Ville-BRU-Stad - Rue d'Arlon-Aarlenstraat 53 - 2025-02-28 - rénovation-verbouwing.jpg,https://commons.wikimedia.org/wiki/File:Ville-BRU-Stad_-_Rue_d%27Arlon-Aarlenstraat_53_-_2025-02-28_-_r%C3%A9novation-verbouwing.jpg,https://upload.wikimedia.org/wikipedia/commons/a/a4/Ville-BRU-Stad_-_Rue_d%27Arlon-Aarlenstraat_53_-_2025-02-28_-_r%C3%A9novation-verbouwing.jpg?utm_source=commons.wikimedia.org&utm_campaign=imageinfo&utm_content=original,data/historical/commons/commons-ville-bru-stad-rue-d-arlon-aarlenstraat-53-2025-02-28-renovation-verbouwing.jpg,4685d45d9b27e4792912427c2f4ff74f3be153d9704f49e02fe6ec7dd53bd4ae,CC BY-SA 4.0,yes,Sjenghai,Ville-BRU-Stad - Rue d'Arlon-Aarlenstraat 53 - 2025-02-28 - rénovation-verbouwing.jpg — Sjenghai (CC BY-SA 4.0); https://commons.wikimedia.org/wiki/File:Ville-BRU-Stad_-_Rue_d%27Arlon-Aarlenstraat_53_-_2025-02-28_-_r%C3%A9novation-verbouwing.jpg,,,,,
commons-ville-bru-stad-rue-d-arlon-aarlenstraat-53-55-rue-de-treves-trierstraat-82-84-re,Ville-BRU-Stad - Rue d'Arlon-Aarlenstraat 53-55 + Rue de Trèves-Trierstraat 82+84 - rénovation-verbouwing - 2025-03-03.jpg,https://monument.heritage.brussels/fr/Bruxelles_Extension_Est/Rue_d_Arlon/53/38101,Rue de Trèves 82,facade,Ville-BRU-Stad - Rue d'Arlon-Aarlenstraat 53-55 + Rue de Trèves-Trierstraat 82+84 - rénovation-verbouwing - 2025-03-03.jpg,https://commons.wikimedia.org/wiki/File:Ville-BRU-Stad_-_Rue_d%27Arlon-Aarlenstraat_53-55_%2B_Rue_de_Tr%C3%A8ves-Trierstraat_82%2B84_-_r%C3%A9novation-verbouwing_-_2025-03-03.jpg,https://upload.wikimedia.org/wikipedia/commons/9/94/Ville-BRU-Stad_-_Rue_d%27Arlon-Aarlenstraat_53-55_%2B_Rue_de_Tr%C3%A8ves-Trierstraat_82%2B84_-_r%C3%A9novation-verbouwing_-_2025-03-03.jpg?utm_source=commons.wikimedia.org&utm_campaign=imageinfo&utm_content=original,data/historical/commons/commons-ville-bru-stad-rue-d-arlon-aarlenstraat-53-55-rue-de-treves-trierstraat-82-84-re.jpg,5cd0a2f1e9ebd21b9a560892697dc78cecfc51a4f9b42fafea80dd8232b20053,CC BY-SA 4.0,yes,Sjenghai,Ville-BRU-Stad - Rue d'Arlon-Aarlenstraat 53-55 + Rue de Trèves-Trierstraat 82+84 - rénovation-verbouwing - 2025-03-03.jpg — Sjenghai (CC BY-SA 4.0); https://commons.wikimedia.org/wiki/File:Ville-BRU-Stad_-_Rue_d%27Arlon-Aarlenstraat_53-55_%2B_Rue_de_Tr%C3%A8ves-Trierstraat_82%2B84_-_r%C3%A9novation-verbouwing_-_2025-03-03.jpg,,,,,
commons-woluwe-st-lambert-rue-vergote-30-maison-architecte-eugene-van-dievoet-1923,Woluwe St-Lambert rue Vergote 30 maison architecte EUGENE VAN DIEVOET 1923.JPG,https://monument.heritage.brussels/fr/Woluwe-Saint-Lambert/Rue_Vergote/30/20979,Rue Vergote 30,facade,Woluwe St-Lambert rue Vergote 30 maison architecte EUGENE VAN DIEVOET 1923.JPG,https://commons.wikimedia.org/wiki/File:Woluwe_St-Lambert_rue_Vergote_30_maison_architecte_EUGENE_VAN_DIEVOET_1923.JPG,https://upload.wikimedia.org/wikipedia/commons/0/07/Woluwe_St-Lambert_rue_Vergote_30_maison_architecte_EUGENE_VAN_DIEVOET_1923.JPG?utm_source=commons.wikimedia.org&utm_campaign=imageinfo&utm_content=original,data/historical/commons/commons-woluwe-st-lambert-rue-vergote-30-maison-architecte-eugene-van-dievoet-1923.jpg,eb80caccf755649a854aa83172f46c3de7e638a7b238e5f8d533f5bedb78d745,CC BY-SA 3.0,yes,own work,Woluwe St-Lambert rue Vergote 30 maison architecte EUGENE VAN DIEVOET 1923.JPG — own work (CC BY-SA 3.0); https://commons.wikimedia.org/wiki/File:Woluwe_St-Lambert_rue_Vergote_30_maison_architecte_EUGENE_VAN_DIEVOET_1923.JPG,,,,,
