source_id,name,address,asset_id,epoch,source_url,image_url,preview,preview_sha256,licence,credit,source_observation,identity_verdict,facade_label,facade_observation,reviewer,reviewed_at
005,The Horn,"Grand-Place, 6",E049753,1890,https://balat.kikirpa.be/en/photo/E049753/,"https://iiif.kikirpa.be/iiif/2/e049753/full/!800,800/0/default.jpg",data/historical/kik-irpa-E049753.jpg,dfa7c70e2bf747daea4ef97ea1c876b4c1e7d9987ca7469a30b95f1a8655bae3,CC BY 4.0,"KIK-IRPA, Brussels (Belgium), cliché E049753",Source record describes an 1890 west-side ensemble view toward rue de la Tête d'Or and rue au Beurre; case-level identity for Maison Le Cornet is unconfirmed and requires reviewer confirmation. No change label assigned.,,,,,
005,The Horn,"Grand-Place, 6",T084580,1942,https://balat.kikirpa.be/en/photo/T084580/,"https://iiif.kikirpa.be/iiif/2/t084580/full/!800,800/0/default.jpg",data/historical/kik-irpa-T084580.jpg,2245f29d98fef90b9307afb0fc50f53704b08fb1ab583ef5a16b4759137ff85e,CC BY 4.0,"KIK-IRPA, Brussels (Belgium), cliché T084580","Source record identifies a facade detail of Maison Le Cornet, Grand-Place 6; no change label assigned.",,,,,
005,The Horn,"Grand-Place, 6",T001817,1969,https://balat.kikirpa.be/en/photo/T001817/,"https://iiif.kikirpa.be/iiif/2/t001817/full/!800,800/0/default.jpg",data/historical/kik-irpa-T001817.jpg,79aac7c9b103e6007f6dee4d602075814332509fe0085c1fe1afdb0521e9a467,CC BY 4.0,"KIK-IRPA, Brussels (Belgium), cliché T001817","Source record identifies a 1969 facade view of Maison Le Cornet, Grand-Place 6, photographed by Raphaël Van de Walle; no change label assigned.",,,,,
009,The Swan,"Grand-Place, 9",B031587,1942,https://balat.kikirpa.be/en/photo/B031587/,"https://iiif.kikirpa.be/iiif/2/b031587/full/!800,800/0/default.jpg",data/historical/kik-irpa-B031587.jpg,6283f8fbcc7d5bbf5b2d840892a8185bd305f24c2aa8618bcada8e24220a36cf,CC BY 4.0,"KIK-IRPA, Brussels (Belgium), cliché B031587","Source record identifies a facade view of Maison Le Cygne, Grand-Place 9; no change label assigned.",,,,,
009,The Swan,"Grand-Place, 9",T001820,1969,https://balat.kikirpa.be/en/photo/T001820/,"https://iiif.kikirpa.be/iiif/2/t001820/full/!800,800/0/default.jpg",data/historical/kik-irpa-T001820.jpg,608257f924f07422ea56feeb38a56070ce589cf0a432d2a272e63f57da2254cb,CC BY 4.0,"KIK-IRPA, Brussels (Belgium), cliché T001820","Source record identifies a 1969 facade view of Maison Le Cygne, Grand-Place 9, photographed by Raphaël Van de Walle; no change label assigned.",,,,,
022,Joseph and Anne,"Grand-Place, 21-22",A102887,1941,https://balat.kikirpa.be/en/photo/A102887/,"https://iiif.kikirpa.be/iiif/2/a102887/full/!800,800/0/default.jpg",data/historical/kik-irpa-A102887.jpg,522ca72791cf0cf91d0699d44142a58497653f811e0379e31ad91506b9256404,CC BY 4.0,"KIK-IRPA, Brussels (Belgium), cliché A102887","Source record identifies a facade view of Maison Joseph et Anne, Grand-Place 21-22; no change label assigned.",,,,,
022,Joseph and Anne,"Grand-Place, 21-22",T001802,1969,https://balat.kikirpa.be/en/photo/T001802/,"https://iiif.kikirpa.be/iiif/2/t001802/full/!800,800/0/default.jpg",data/historical/kik-irpa-T001802.jpg,3d4cd1dbd26d98cf694e9e3e1de634fb2d83232de35a750aa1479bc6e9a53d6b,CC BY 4.0,"KIK-IRPA, Brussels (Belgium), cliché T001802","Source record identifies a 1969 facade view of Maison Joseph et Anne, Grand-Place 21-22, photographed by Raphaël Van de Walle; no change label assigned.",,,,,
022,Joseph and Anne,"Grand-Place, 21-22",A133254,1984,https://balat.kikirpa.be/en/photo/A133254/,"https://iiif.kikirpa.be/iiif/2/a133254/full/!800,800/0/default.jpg",data/historical/kik-irpa-A133254.jpg,e632376fb4a6cb3a769d5b3225b90308401324757918d2f738ab1f97696a2f51,CC BY 4.0,"KIK-IRPA, Brussels (Belgium), cliché A133254","Source record catalogues a 1984 place-front facades view under Maison Joseph et Anne, Grand-Place 21-22; the frame covers neighbouring facades and exact-case identity still requires reviewer confirmation. No change label assigned.",,,,,
023,The Angel,"Grand-Place, 23",B024641,1941,https://balat.kikirpa.be/en/photo/B024641/,"https://iiif.kikirpa.be/iiif/2/b024641/full/!800,800/0/default.jpg",data/historical/kik-irpa-B024641.jpg,1cb4b385605d6935e709bf2b4556dde169125c62a4177ae4e2ce1fb73d3b1e30,CC BY 4.0,"KIK-IRPA, Brussels (Belgium), cliché B024641","Source record identifies a facade view of Maison L'Ange, Grand-Place 23; no change label assigned.",,,,,
023,The Angel,"Grand-Place, 23",T001803,1969,https://balat.kikirpa.be/en/photo/T001803/,"https://iiif.kikirpa.be/iiif/2/t001803/full/!800,800/0/default.jpg",data/historical/kik-irpa-T001803.jpg,a8e702f075ae439717261c026be931e932b3e9fc11c352bb41ece6e41502bde1,CC BY 4.0,"KIK-IRPA, Brussels (Belgium), cliché T001803","Source record identifies a 1969 facade view of Maison L'Ange, Grand-Place 23, photographed by Raphaël Van de Walle; no change label assigned.",,,,,
024,The  Weighing  Scales,"Grand-Place, 24",british-library-balance-1878,1878,https://www.flickr.com/photos/britishlibrary/11271682895/,https://live.staticflickr.com/2815/11271682895_1aeeecbddd_o.jpg,data/historical/british-library-maison-balance-1878.jpg,1ca88eca41411d38f722b176efedd991da9028feea02795ce6409113026927b8,No known copyright restrictions,"British Library, HMNTS 10270.g.3 (identifier 000266582); engraving by Victor Dedoncker","The 1878 volume captions this exact facade Maison de la Balance, rue de la Colline; the source image is an engraving rather than a photograph and has no reviewer change label.",,,,,
024,The  Weighing  Scales,"Grand-Place, 24",commons-balance-2011-01,2011,https://commons.wikimedia.org/wiki/File:Belgique_-_Bruxelles_-_Maison_de_la_Balance_-_01.jpg,https://upload.wikimedia.org/wikipedia/commons/c/c7/Belgique_-_Bruxelles_-_Maison_de_la_Balance_-_01.jpg,data/historical/commons-maison-balance-2011.jpg,8af4305c92db16d063ce19f901afc9841e1721e5be4c70d39b9cb3deed9bce03,CC BY-SA 3.0,"EmDee, via Wikimedia Commons",Source record identifies a 2011 facade view of Maison de la Balance and describes it as Grand-Place; it embeds protected-monument identifier 2043-0177/0. No change label is assigned.,,,,,
026,The Pigeon,"Grand-Place, 26-27",B031502,1942,https://balat.kikirpa.be/en/photo/B031502/,"https://iiif.kikirpa.be/iiif/2/b031502/full/!800,800/0/default.jpg",data/historical/kik-irpa-B031502.jpg,fe085935651ab77bf403c68f43cb537d60d1d4090dd97360e7a8beb1dc28b475,CC BY 4.0,"KIK-IRPA, Brussels (Belgium), cliché B031502","Source record identifies a facade view of Maison Le Pigeon, Grand-Place 26-27; no change label assigned.",,,,,
026,The Pigeon,"Grand-Place, 26-27",T001805,1969,https://balat.kikirpa.be/en/photo/T001805/,"https://iiif.kikirpa.be/iiif/2/t001805/full/!800,800/0/default.jpg",data/historical/kik-irpa-T001805.jpg,663024bec3dc3dd2f4f1ae29e5f92de88bf6fed29f19f8701eb1b3890c052d35,CC BY 4.0,"KIK-IRPA, Brussels (Belgium), cliché T001805","Source record identifies a 1969 facade view of Maison Le Pigeon, Grand-Place 26-27, photographed by Raphaël Van de Walle; no change label assigned.",,,,,
