file,licence,street,number,style,built,fiche,cats,sha256,local,verdict,verdict_reason
Uccle-Ukkel - Avenue Brugmann-Brugmannlaan 351 & 353 - 2024-11-30.jpg,CC BY 4.0,Avenue Brugmann,351,Beaux-Arts,,https://monument.heritage.brussels/fr/Uccle/Avenue_Brugmann/351/26898,Art Deco architecture in Brussels;Beaux-Arts architecture in Brussels,40fb9902ef411a78fb7e40274000111ef86127cec126be5e94f9023ad3058110,/tmp/commons-curation/cat-uccle-ukkel-avenue-brugmann-brugmannlaan-351-353-2024-11-30-jpg.jpg,accept,"beaux-arts row houses with oriels (351 & 353), full facades"
Uccle-Ukkel - Avenue Brugmann-Brugmannlaan 374 - 2024-11-30.jpg,CC BY 4.0,Avenue Brugmann,374,Art Déco,1923,https://monument.heritage.brussels/fr/Uccle/Avenue_Brugmann/374/26910,Art Deco architecture in Brussels,4992a23a4f751c5af06fe6054a9f14f081851f35114fb25057fb1922e91c1565,/tmp/commons-curation/cat-uccle-ukkel-avenue-brugmann-brugmannlaan-374-2024-11-30-jpg.jpg,accept,"narrow deco house with egyptian-revival reliefs, door no.374 visible"
Uccle-Ukkel - Avenue Brugmann-Brugmannlaan 491 - 2025-09-13.jpg,CC BY-SA 4.0,Avenue Brugmann,491,Art Déco,1920,https://monument.heritage.brussels/fr/Uccle/Avenue_Brugmann/491/26959,Art Deco architecture in Brussels,7dec7e5d63b420fc64c74657bc46629b5f139beb50a81b72ab4d95009d0eb572,/tmp/commons-curation/cat-uccle-ukkel-avenue-brugmann-brugmannlaan-491-2025-09-13-jpg.jpg,accept,full art-deco brick house with sculptures and oriels
Laeken-Laken - Avenue Houba de Strooperlaan 188 - 2025-09-27.jpg,CC BY-SA 4.0,Avenue Houba de Strooper,188,"Modernisme, Art Déco, Paquebot",1935,https://monument.heritage.brussels/fr/Bruxelles_Laeken/Avenue_Houba_de_Strooper/188/38417,Modernist architecture in Brussels,28742b4a598773817c9401f488deaa6c61b7eb5cbc8cfe6dde35268a9d51c505,/tmp/commons-curation/cat-laeken-laken-avenue-houba-de-strooperlaan-188-2025-09-27-jpg.jpg,accept,"curved-corner paquebot with portholes, full facade; first Paquebot-class image"
SJ-Molenbeek-SJ - Avenue Joseph Baecklaan 60-66 - 2025-08-06.jpg,CC BY-SA 4.0,Avenue Joseph Baeck,66,Modernisme,,https://monument.heritage.brussels/fr/Molenbeek-Saint-Jean/Avenue_Joseph_Baeck/60/34394,Modernist architecture in Brussels,3ca318b07ac1bc8257be28e445ca894962e0282c76235f2da3ac8f7d5e456523,/tmp/commons-curation/cat-sj-molenbeek-sj-avenue-joseph-baecklaan-60-66-2025-08-06-jpg.jpg,accept,"modernist apartment ensemble 60-66, curved glass stairwells, full facades"
160 avenue Richard Neybergh Laeken 01.jpg,CC BY-SA 3.0,Avenue Richard Neybergh,160,"Éclectisme, Art nouveau",1909,https://monument.heritage.brussels/fr/Bruxelles_Laeken/Avenue_Richard_Neybergh/160/36170,Art Nouveau architecture in Brussels,b113bb6e3b1f7ac0cb82de5ef54d2d4673b9e3626ca659a7e4a52296b3641e9b,/tmp/commons-curation/cat-160-avenue-richard-neybergh-laeken-01-jpg.jpg,accept-caveat,"sgraffito art-nouveau house, no.160 visible; tree partly occludes ground floor"
"Avenue Roger Vandendriessche 30, Woluwe-Saint-Pierre.jpg",CC BY-SA 4.0,Avenue Roger Vandendriessche,30,Beaux-Arts,1909,https://monument.heritage.brussels/fr/Woluwe-Saint-Pierre/Avenue_Roger_Vandendriessche/30/17591,Beaux-Arts architecture in Brussels,9a3424441213a4c1cf79e595b111654dcab52ea8957478aacb199d0d24fad1c6,/tmp/commons-curation/cat-avenue-roger-vandendriessche-30-woluwe-saint-pierre-jpg.jpg,accept,"stone beaux-arts corner mansion, door no.30 visible"
Uccle-Ukkel - Avenue de Sumatra-Sumatralaan 23 - 2020-04.jpg,CC BY-SA 4.0,Avenue de Sumatra,23,,,https://monument.heritage.brussels/fr/Uccle/Avenue_de_Sumatra/23/27996,Art Deco architecture in Brussels,a572a2c0a946bbefb1c9d963a5e6c4791de3d78c0382a455339a8fe985772d0d,/tmp/commons-curation/cat-uccle-ukkel-avenue-de-sumatra-sumatralaan-23-2020-04-jpg.jpg,accept-caveat,modernist villa behind trees (fiche unstyled; reviewer decides label)
Koekelberg - Avenue des Gloires Nationales-Landsroemlaan 15 - 2024-12-01.jpg,CC BY 4.0,Avenue des Gloires Nationales,15,"Éclectisme, Art Déco",1915,https://monument.heritage.brussels/fr/Koekelberg/Avenue_des_Gloires_Nationales/15/35499,Art Deco architecture in Brussels,4adeeffe2564bb420fa8ead188d4c3bbc4f614b51e242aa03ebb1705a006b7fe,/tmp/commons-curation/cat-koekelberg-avenue-des-gloires-nationales-landsroemlaan-15-2024-12-01-j.jpg,accept-caveat,"brick townhouse streetscape; exact house unconfirmed, owner to pinpoint"
5 avenue des Phalènes (1933).jpg,CC BY-SA 4.0,Avenue des Phalènes,5,Art Déco,1933,https://monument.heritage.brussels/fr/Bruxelles_Extension_Sud/Avenue_des_Phalenes/5/16092,Art Deco architecture in Brussels,140b1e4ba518b99a09e8d6fdb90c59a5b3335182052c753f01d7c60f6466144c,/tmp/commons-curation/cat-5-avenue-des-phalenes-1933-jpg.jpg,accept,full 1933 art-deco apartment facade with oriels; filename year matches fiche build year
Ixelles avenue Emile-Duray 58.jpg,CC BY-SA 3.0,Avenue Émile Duray,58,"Modernisme, Art Déco",1927,https://monument.heritage.brussels/fr/Ixelles/Avenue_Emile_Duray/58/21568,Art Deco architecture in Brussels,8313665f617ac3ce5f70bd959fbafe6db8141e54e757af6bf80a6154349d62bf,/tmp/commons-curation/cat-ixelles-avenue-emile-duray-58-jpg.jpg,accept,full white modernist apartment block
Deux immeubles d angle néoclassiques Rue de Namur 99 103 Rue de Namur 84 88 Boulevard de Waterloo 1 Boulevard du Régent 1.jpg,CC BY-SA 4.0,Boulevard de Waterloo,103,"Éclectisme, Néoclassicisme",1910,https://monument.heritage.brussels/fr/Bruxelles_Pentagone/Boulevard_de_Waterloo/103/30662,Neoclassical architecture in Brussels,8cc1cae740c7c740e1a775c30b46cd3e78c3e06d632a9a93e7a234264e929ea9,/tmp/commons-curation/cat-deux-immeubles-d-angle-neoclassiques-rue-de-namur-99-103-rue-de-namur-.jpg,reject,wide square view; no single facade confirmable
344-346 Chaussée de Bruxelles.JPG,CC BY 4.0,Chaussée de Bruxelles,344,Éclectisme,,https://monument.heritage.brussels/fr/Forest/Chaussaee_de_Bruxelles/344/28994,Eclectic architecture in Brussels,9407ccfc5729dff2d3ec69f50dad348ed6dcb26e4bbc28656238a62d09e11d2d,/tmp/commons-curation/cat-344-346-chaussee-de-bruxelles-jpg.jpg,accept,"two eclectic facades, door no.344 visible"
Saint Gilles-Sint Gillis - Chaussée de Charleroi-Charleroise Steenweg 228 - 2024-12-13.jpg,CC BY-SA 4.0,Chaussée de Charleroi,228,Beaux-Arts,1903,https://monument.heritage.brussels/fr/Saint-Gilles/Chaussee_de_Charleroi/228/1913,Beaux-Arts architecture in Brussels,fee8a2319f8cfcff306044d58a5d33b5d86dd98a5cbda4010bd4062400d19048,/tmp/commons-curation/cat-saint-gilles-sint-gillis-chaussee-de-charleroi-charleroise-steenweg-22.jpg,accept,"grand beaux-arts facade, no.228 on door"
Anderlecht Place de la Résistance N°7 60044.jpg,CC BY-SA 4.0,Place de la Résistance,7,,,https://monument.heritage.brussels/fr/Anderlecht/Place_de_la_Resistance/7/36480,Art Nouveau architecture in Brussels,a502a8d0fd7140c91edafc1ba258051660f3f1a728f938e99b13f212138c000c,/tmp/commons-curation/cat-anderlecht-place-de-la-resistance-n-7-60044-jpg.jpg,accept,art-nouveau facade with sgraffito frieze (fiche unstyled; reviewer decides label)
Bruxelles 23 Quai aux Pierres de Taille.jpg,CC BY-SA 3.0,Quai aux Pierres de Taille,23,Art Déco,1874,https://monument.heritage.brussels/fr/Bruxelles_Pentagone/Quai_aux_Pierres_de_Taille/23/32871,Art Deco architecture in Brussels,2afa73b2259ddc86e26a580f293d7b28234f11004cef6061816e3b3a9222f28d,/tmp/commons-curation/cat-bruxelles-23-quai-aux-pierres-de-taille-jpg.jpg,accept-caveat,"entrance portal DETAIL with HEURE JOYEUSE deco lettering, not a full facade; identity confirmed by lettering"
"39, 41 Rue Grétry, 18 novembre 2024.JPG",CC BY 2.0,Rue Grétry,39,"Éclectisme, Néo-Renaissance, Néo-baroque",1874,https://monument.heritage.brussels/fr/Bruxelles_Pentagone/Rue_Gretry/39/33609,Neoclassical architecture in Brussels,533385490e8061b79a8e03bc7a8cb201b12d01d951382bfb41c018175cb8b272,/tmp/commons-curation/cat-39-41-rue-gretry-18-novembre-2024-jpg.jpg,accept-caveat,eclectic upper facade intact; modern commercial ground floor
"43-45-47 rue Grétry, 18 novembre 2024.jpg",CC BY-SA 4.0,Rue Grétry,43,"Éclectisme, Néo-Renaissance, Néo-baroque",1874,https://monument.heritage.brussels/fr/Bruxelles_Pentagone/Rue_Gretry/39/33609,Neoclassical architecture in Brussels,1a739477fb13291a45b6eef57ae47b5d853e88547575f3cd407af29f52f940db,/tmp/commons-curation/cat-43-45-47-rue-gretry-18-novembre-2024-jpg.jpg,accept,"eclectic row 43-45-47, full upper facades"
Woluwe St-Lambert rue Vergote 30 maison architecte EUGENE VAN DIEVOET 1923.JPG,CC BY-SA 3.0,Rue Vergote,30,"Éclectisme, Beaux-Arts",1923,https://monument.heritage.brussels/fr/Woluwe-Saint-Lambert/Rue_Vergote/30/20979,Beaux-Arts architecture in Brussels,eb80caccf755649a854aa83172f46c3de7e638a7b238e5f8d533f5bedb78d745,/tmp/commons-curation/cat-woluwe-st-lambert-rue-vergote-30-maison-architecte-eugene-van-dievoet-.jpg,accept,"Van Dievoet brick house, full facade"
"Rue Vilain XIIII, 22.jpg",CC BY-SA 4.0,Rue Vilain XIIII,22,Art nouveau,1901,https://monument.heritage.brussels/fr/Bruxelles_Extension_Sud/Rue_Vilain_XIIII/22/16272,Art Nouveau architecture in Brussels,0dfcb8d079c0a46050167837a4a6780969a20d2067bfbda674db92da1145b639,/tmp/commons-curation/cat-rue-vilain-xiiii-22-jpg.jpg,accept,"corner art-nouveau apartment block, full facades"
Ville-BRU-Stad - Rue d'Arlon-Aarlenstraat 53 - 2025-02-28 - rénovation-verbouwing.jpg,CC BY-SA 4.0,Rue d'Arlon,53,Brutalisme,1964,https://monument.heritage.brussels/fr/Bruxelles_Extension_Est/Rue_d_Arlon/53/38101,Brutalist architecture in Belgium,4685d45d9b27e4792912427c2f4ff74f3be153d9704f49e02fe6ec7dd53bd4ae,/tmp/commons-curation/cat-ville-bru-stad-rue-d-arlon-aarlenstraat-53-2025-02-28-renovation-verbo.jpg,accept-caveat,"brutalist slab confirmed but site under renovation (cranes, boards); reviewer decides usability"
"Rue de livourne 136 - Brussels, Belgium - DSC07876.jpg",CC0,Rue de Livourne,136,Éclectisme,1894,https://monument.heritage.brussels/fr/Bruxelles_Extension_Sud/Rue_de_Livourne/136/15944,Eclectic architecture in Brussels,ef954320121e4a3e625c7db8a2467f0b03254a66eae204098dc2b243f83903ea,/tmp/commons-curation/cat-rue-de-livourne-136-brussels-belgium-dsc07876-jpg.jpg,accept,"eclectic corner police station with turret, full facades"
BRUXELLES-rue de pavie 32.jpg,CC BY-SA 4.0,Rue de Pavie,32,Art nouveau,1898,https://monument.heritage.brussels/fr/Bruxelles_Extension_Est/Rue_de_Pavie/32/18357,Art Nouveau architecture in Brussels,acf5290cfa913982e866f21ae228fc64d986e18bf45e54fb440766aa435c550e,/tmp/commons-curation/cat-bruxelles-rue-de-pavie-32-jpg.jpg,accept,art-nouveau facade with whiplash balcony (partly behind tree)
Ville-BRU-Stad - Rue d'Arlon-Aarlenstraat 53-55 + Rue de Trèves-Trierstraat 82+84 - rénovation-verbouwing - 2025-03-03.jpg,CC BY-SA 4.0,Rue de Trèves,82,Brutalisme,1964,https://monument.heritage.brussels/fr/Bruxelles_Extension_Est/Rue_d_Arlon/53/38101,Brutalist architecture in Belgium,5cd0a2f1e9ebd21b9a560892697dc78cecfc51a4f9b42fafea80dd8232b20053,/tmp/commons-curation/cat-ville-bru-stad-rue-d-arlon-aarlenstraat-53-55-rue-de-treves-trierstraa.jpg,accept-caveat,"adjacent brutalist slabs, same renovation site; reviewer decides"
Bruxelles rue des Chapeliers 40 901.jpg,CC BY-SA 3.0,Rue des Chapeliers,40,Art Déco,1930,https://monument.heritage.brussels/fr/Bruxelles_Pentagone/Rue_des_Chapeliers/40/30927,Art Deco architecture in Brussels,27d36709d7cfc33535f741e4ab1c64c918419c6299b290014c39a8bfa3f6aebe,/tmp/commons-curation/cat-bruxelles-rue-des-chapeliers-40-901-jpg.jpg,accept-caveat,"ground-floor shopfront only (no.40 visible, VIOLETTE street sign); upper facade not shown"
Bruxelles rue des Chapeliers 40 902.jpg,CC BY-SA 3.0,Rue des Chapeliers,40,Art Déco,1930,https://monument.heritage.brussels/fr/Bruxelles_Pentagone/Rue_des_Chapeliers/40/30927,Art Deco architecture in Brussels,d4714727d89ebd7d52a2578b57e0fcb44521be004e908d2cb4a1ff891e44bfdd,/tmp/commons-curation/cat-bruxelles-rue-des-chapeliers-40-902-jpg.jpg,accept-caveat,stained-glass transom detail only; pairs with 901 facade row
"R. rue des Fabriques, 32, Maison, architecte EUGENE VAN DIEVOET, 1923..JPG",Public domain,Rue des Fabriques,32,"Éclectisme, Art Déco, Architecture traditionaliste",,https://monument.heritage.brussels/fr/Bruxelles_Pentagone/Rue_des_Fabriques/32/32449,Beaux-Arts architecture in Brussels,a5c208f3060f6ef8e55966f0664e38f9359dbc049fc50bf3763c5482c67ac364,/tmp/commons-curation/cat-r-rue-des-fabriques-32-maison-architecte-eugene-van-dievoet-1923-jpg.jpg,accept,"full brick facade, door no.32 visible, Public domain"
Bruxelles rue des Sables 33 1001.jpg,CC BY-SA 3.0,Rue des Sables,33,Art nouveau,1905,https://monument.heritage.brussels/fr/Bruxelles_Pentagone/Rue_des_Sables/33/33800,Art Nouveau architecture in Brussels,841dcbef9215b801f5ff8ff3eb885b5566ede9df87c5f981eda7edf755a3a1ce,/tmp/commons-curation/cat-bruxelles-rue-des-sables-33-1001-jpg.jpg,accept,"Presse Socialiste building, full facade, nos 33/35 visible"
Façade maison n°20 rue du Bourgmestre.jpg,CC BY-SA 4.0,Rue du Bourgmestre,20,Beaux-Arts,1922,https://monument.heritage.brussels/fr/Ixelles/Rue_du_Bourgmestre/20/21452,Beaux-Arts architecture in Brussels,d8081f5135d3d1370591492846f85855a81e21903606232e428de62ac39f36fc,/tmp/commons-curation/cat-facade-maison-n-20-rue-du-bourgmestre-jpg.jpg,accept,"brick beaux-arts corner house, full facade"
