file,street,number,style,built,fiche,qid,wd_addr,wlm,inception,local,sha256,verdict,verdict_reason,licence
"Egmont Park - Brussels, Belgium - DSC08297.jpg",Boulevard de Waterloo,30,Néoclassicisme,,https://monument.heritage.brussels/fr/Bruxelles_Pentagone/Boulevard_de_Waterloo/30/30639,Q3363962,Boulevard De Waterloo 30 - 31,2043-0032/0,,/tmp/commons-curation/0.jpg,e66463f4d42d944cbaeaf2c6a90b6b6446137c0cd3c7700f8dec1aebcea2c7a5,reject,"park view; palace distant behind trees, not a facade image",CC0
JOZEF II-STRAAT 34 - Neoclassicistisch huis.jpeg,Rue Joseph II,34,"Éclectisme, Néoclassicisme",,https://monument.heritage.brussels/fr/Bruxelles_Extension_Est/Rue_Joseph_II/34/38187,Q42417086,Rue Joseph II 34,2043-0314/0,1860-01-01T00:00:00Z,/tmp/commons-curation/1.jpg,151e117d76363f6bf74d4651b489085444e91002fe28feba331285bdfe8767ed,accept,"full facade, exact address in filename; second-look: owner",CC BY-SA 3.0
Adrien Blomme - Cinéma Métropole 01.jpg,Rue Neuve,30,Fonctionnalisme,1931,https://monument.heritage.brussels/fr/Bruxelles_Pentagone/Rue_Neuve/30/33722,Q2973116,"Rue Neuve 30, 1000 Bruxelles",,,/tmp/commons-curation/2.jpg,93107561a596327b9671b967bc12d406ae74f0afb0a4aa196043d6b4b4f22f42,reject,"shows modern Zara refacing, not the 1931 Blomme functionalist facade; possible Contemporary-phase record for reviewer",CC BY-SA 3.0
Cinémas de Bruxelles-Métropole©Marie-Françoise Plissart.jpg,Rue Neuve,30,Fonctionnalisme,1931,https://monument.heritage.brussels/fr/Bruxelles_Pentagone/Rue_Neuve/30/33722,Q2973116,"Rue Neuve 30, 1000 Bruxelles",,,/tmp/commons-curation/3.jpg,7d52902e6edc5eeca41f36fc485cac578e1508c4125e46636128cc45b5c41fcb,reject,same building as above; same verdict,CC BY 4.0
2043-03920-Noorddoorgang.jpg,Rue Neuve,44,Éclectisme,1865,https://monument.heritage.brussels/fr/Bruxelles_Pentagone/Rue_Neuve/44/33728,Q16510062,"Rue Neuve 40 - 44, Boulevard Adolphe Max, Place Debrouckere",2043-0392/0,,/tmp/commons-curation/4.jpg,665c88630d7c7e466d37ef247c5b09890b160399fe18b83cb85878357f60d789,reject,"passage INTERIOR, not a street facade",CC BY-SA 3.0
Bruxelles Eglise du Finistère 01.jpg,Rue Neuve,76,Fonctionnalisme,1931,https://monument.heritage.brussels/fr/Bruxelles_Pentagone/Rue_Neuve/76/33737,Q3580763,Rue Neuve 76,2043-0022/0,,/tmp/commons-curation/5.jpg,20200c858a8f9a580e01ec3f550c0a137fd0d8f677dd6652a08572f44121a64c,reject,"shows the baroque church; clashes with fiche functionalism-1931 — identity unconfirmed, do not join",CC BY-SA 3.0
Parlamentarium - Parlement européen - Je suis Nice.jpg,Rue Wiertz,60,Postmodernisme,1987,https://monument.heritage.brussels/fr/Bruxelles_Extension_Est/Rue_Wiertz/43/41812,Q8062880,Rue Wiertz 60,,2011-10-14T00:00:00Z,/tmp/commons-curation/6.jpg,9df9c1ba2a90834dc380ec33612f8b767fdcfb6b475006eae636caec4c28b720,accept-caveat,EP Wiertz complex confirmed; event banner occludes facade — reviewer to confirm usability,CC BY-SA 3.0
Bruxelles Ensemble de maisons traditionnelles Ecuyer.jpg,Rue de l'Ecuyer,53,"Néoclassicisme, Néoclassicisme (du 18e siècle)",1953,https://monument.heritage.brussels/fr/Bruxelles_Pentagone/Rue_de_l_Ecuyer/51/33482,Q42418179,"Rue De L'Ecuyer 53, Rue Des Dominicains 32 - 34",2043-0605/0,,/tmp/commons-curation/7.jpg,f96bc4b1c11d66a9f05fd74dabdfab1723e20ad1e6e66b3bcbd54cdc2ebcd4ce,accept,corner facades + L ECUYER street sign visible; second-look: owner,CC BY-SA 3.0
Grand Sablon 40- Petite rue des Minimes 2-4 Brussels.jpg,Rue des Minimes,2,"Éclectisme, Néoclassicisme",,https://monument.heritage.brussels/fr/Bruxelles_Pentagone/Place_du_Grand_Sablon/44/30195,Q42418362,"Petite Rue des Minimes 2 - 4, Place du Grand Sablon 40",2043-0674/0,,/tmp/commons-curation/8.jpg,6218298fa79bf34c0553362231343eca2b3f3cdc5a2b2ee104c41f22306c65a9,accept,"full corner facade, no.40 plaque visible; second-look: owner",CC BY-SA 3.0
Anciens magasins Wolf 01.JPG,Rue du Canal,11,Art nouveau,1905,https://monument.heritage.brussels/fr/Bruxelles_Pentagone/Rue_du_Canal/11/32207,Q2845943,"Rue du Canal 11 - 13, 1000 Bruxelles",,,/tmp/commons-curation/9.jpg,974261a151fa20051c4c8f0b934b941673db04b324accb507592cbb5d6706112,accept,"full Art Nouveau facade, door no.11 visible; second-look: owner",CC BY-SA 3.0
Belgique - Bruxelles - Cinéma Caméo - 01.jpg,Rue du Fossé aux Loups,10,Art Déco,1925,https://monument.heritage.brussels/fr/Bruxelles_Pentagone/Rue_du_Fosse_aux_Loups/10/33528,Q16507476,"rue du Fossé aux Loups 10-12, Bruxelles",,,/tmp/commons-curation/10.jpg,818a6b3615644c04719bdc8f91357d6f9cea31f8d2f5e0f4d6d637d99b4dc5ea,accept,full facade with CAMEO stonework cartouche; second-look: owner,CC BY-SA 4.0
Bxlstreet15.jpg,Rue du Marché au Charbon,42,"Historicisme, Rococo",,https://monument.heritage.brussels/fr/Bruxelles_Pentagone/Rue_du_Marche_au_Charbon/42/31327,Q2504877,"Rue du Marché au Charbon 42, 1000 Bruxelles, Belgique",,2002-10-15T00:00:00Z,/tmp/commons-curation/11.jpg,8b8dbf3615deaed86911e10c41a1b05e84301957acf712e035a8d86d3dbcd97f,accept,full narrow housefront; second-look: owner,CC0
Kolenmarkt 62 tot 66 Brussel 12-4-2018 13-40-45.JPG,Rue du Marché au Charbon,62,"Néoclassicisme (du 18e siècle), Néoclassicisme",,https://monument.heritage.brussels/fr/Bruxelles_Pentagone/Rue_du_Marche_au_Charbon/62/31333,Q42418302,Rue du Marché au Charbon 62 - 66,2043-0646/0,,/tmp/commons-curation/12.jpg,c0bee908a43cb4ebf83d9a3e36e21984b2839c5804a98c50047d53450c0cda4a,accept,streetscape covering the 62-66 range; shared by 2 fiches like A105109 pattern; second-look: owner,CC0
Kolenmarkt 62 tot 66 Brussel 12-4-2018 13-40-45.JPG,Rue du Marché au Charbon,66,Néoclassicisme (du 18e siècle),,https://monument.heritage.brussels/fr/Bruxelles_Pentagone/Rue_du_Marche_au_Charbon/66/31337,Q42418302,Rue du Marché au Charbon 62 - 66,2043-0646/0,,/tmp/commons-curation/12.jpg,c0bee908a43cb4ebf83d9a3e36e21984b2839c5804a98c50047d53450c0cda4a,accept,streetscape covering the 62-66 range; shared by 2 fiches like A105109 pattern; second-look: owner,CC0
Brussel Kolenmarkt 77.jpg,Rue du Marché au Charbon,77,"Architecture traditionnelle, Régence",,https://monument.heritage.brussels/fr/Bruxelles_Pentagone/Rue_du_Marche_au_Charbon/77/31343,Q42418318,Rue du Marché au Charbon 77,2043-0648/0,,/tmp/commons-curation/13.jpg,ac69b3b387a85e4291ae6330991c482ac82f7240b0187bcbf4ca8ea6528d560b,accept,"stepped-gable house, door no.77 visible; second-look: owner",CC BY-SA 4.0
